isin,symbol,as_of_date,n_obs,return_1m,return_3m,return_6m,annualized_return,annualized_volatility,max_drawdown,sharpe_ratio,sortino_ratio
INE002A01018,RELIANCE,2026-09-01,200,-0.03962409991067928,-0.05216786361107528,-0.08321275028719544,0.1111678921759558,0.2617661213570824,0.3620556515817088,0.17637076920651967,0.2941957102577013
INE003A01024,SIEMENS,2026-09-01,200,-0.02880895723480148,0.09256722869563871,0.34007931472558584,0.16376171950508422,0.3074407429785312,0.5177163164327877,0.3212382280509283,0.5186362488766982
INE004A01022,PROTEAN,2026-09-01,19,-0.05865410238063473,-0.1557198369723154,0.11842535311413394,-0.4547789598310411,0.4222073465970106,0.663310318544429,-1.2310988049366203,-1.347499395161498
INE007A01025,CRISIL,2026-09-01,200,-0.05066568803831395,0.12479873750018822,0.23140740935339355,0.16371563526513877,0.28521415133486355,0.42740438992756863,0.3461105797279987,0.5767102041863557
INE009A01021,INFY,2026-09-01,200,-0.07267597536199588,0.05097960691261583,-0.14109091648843908,0.10272294486909872,0.26208260024465646,0.4524481854432174,0.1439353273887088,0.2131356871265419
INE00H001014,SWIGGY,2026-09-01,22,-0.0313941337180923,0.14079791447708745,0.04999038881074469,-0.25702581035605676,0.389702895245332,0.5574967733403324,-0.8263367151874248,-1.0272573240387601
INE00LO01017,CRAFTSMAN,2026-09-01,66,-0.005402509264633704,0.17881522853248089,0.5983361502565847,0.45673591268640434,0.3798791906799592,0.35483277860766843,1.0312118228566887,1.9546291757138825
INE00R701025,DALBHARAT,2026-09-01,93,-0.05107204463504189,0.03575211672408529,-0.007103125824008405,0.06670198614906098,0.33749045192020244,0.5829820153567404,0.0050430645945011765,0.007611060084495251
INE00WC01027,AFFLE,2026-09-01,85,0.0035045844548322602,0.12962310672772115,0.10654891105883246,0.375213504849951,0.476328363582311,0.44107510973324804,0.6512597791089657,1.2451213592939507
INE010A01011,PRSMJOHNSN,2026-09-01,200,0.052418645630885274,-0.004253509034617853,-0.06404921368308103,0.06267364824774302,0.42206273491079804,0.7787564132510184,-0.005511862478805792,-0.008742598994361158
INE010B01027,ZYDUSLIFE,2026-09-01,200,-0.0011194771148393956,0.043539833582173726,0.3326932626955641,0.17147425276242023,0.2718830527389895,0.5753712553814896,0.3916178360136209,0.6557074074970343
INE010J01012,TEJASNET,2026-09-01,111,-0.07405093739532154,-0.15379593829719385,0.341876991049757,0.06118206986621266,0.6151571402546744,0.9236142544659454,-0.006206430656411987,-0.010819381424652936
INE012A01025,ACC,2026-09-01,200,-0.013161025325597375,-0.050858953046524435,0.009874681914481487,0.03718666606628407,0.270100452551086,0.5195455952142617,-0.10297403677417165,-0.15057426552905598
INE016A01026,DABUR,2026-09-01,200,0.03740157480314954,-0.05168724893316623,-0.02453978858473249,0.11194276168448503,0.20204323155444687,0.38178134367965594,0.23234018444134233,0.3530134283503033
INE017A01032,GESHIP,2026-09-01,200,0.10009212004186652,-0.02399910883628109,0.030214649365173596,0.1372245144819868,0.30277727025980294,0.511796030241416,0.23854008070028965,0.37563090138155536
INE018A01030,LT,2026-09-01,200,-0.03953123840001549,-0.06236421982767926,0.11953029841576157,0.1304461705790667,0.29004554782613334,0.5111875165278101,0.22564101076393062,0.3567336527675536
INE018E01016,SBICARD,2026-09-01,78,0.009926365900058132,0.09769051081341895,0.024706919357043056,0.010766178975511798,0.2798450780266337,0.47122196123936705,-0.19379944577523212,-0.2883994094328194
INE019A01038,JSWSTEEL,2026-09-01,200,-0.024546896677002716,0.04609165494411438,0.14291921998502932,0.1790970944052832,0.3561867703322963,0.6252457475338765,0.32032939993486825,0.5421542636180723
INE01A001028,STANLEY,2026-09-01,27,0.006443505724754939,-0.09027731630322222,0.11115602537769842,-0.42357001972285524,0.422631664161046,0.7963283083548274,-1.1560184935331375,-1.3598367052988212
INE01EA01019,VMM,2026-09-01,21,-0.07221617776434186,-0.1297159458942343,-0.02516620559428029,-0.020452150981048356,0.25498796259514034,0.31296433297718257,-0.3351222940540368,-0.4925641202888405
INE01QM01018,EMUDHRA,2026-09-01,51,0.11974087714603443,0.3754484578632986,0.6442771608390476,0.2355262221577903,0.5212279041440405,0.5993716715887375,0.327162496102023,0.7121942965925836
INE020B01018,RECLTD,2026-09-01,200,-0.03495202047519075,-0.12865436219731552,0.03898885026748533,0.146822849078031,0.37699593847212903,0.5689367099603508,0.21703907317845042,0.35238078050851934
INE021A01026,ASIANPAINT,2026-09-01,200,-0.07623607227283546,-0.06996240306555479,0.14195810097293382,0.17822720653290358,0.25568456305418225,0.3520419073636823,0.44283943144784044,0.7584923862287425
INE022Q01020,IEX,2026-09-01,107,-0.04182573373881615,-0.07727961624870217,0.022103010277578328,0.10938152491682684,0.3376057592670545,0.5163600552708631,0.13145962027774521,0.19989041164008012
INE027H01010,MAXHEALTH,2026-09-01,73,0.006909196248794824,-0.0691478227346537,0.09234632111759078,0.4582815810408367,0.3366851322647758,0.24929145541136746,1.1680990437426038,2.5053353608172295
INE028A01039,BANKBARODA,2026-09-01,200,-0.015339495257688629,-0.13751832707203893,-0.02044066920379084,0.06332074886884942,0.39037735188893846,0.8154437102663812,-0.004301610026875551,-0.006643135954814005
INE029A01011,BPCL,2026-09-01,200,-0.031013695946779496,0.034426001078143864,0.117437722419929,0.17709822280781484,0.3223249318487751,0.465358286867466,0.3477801799719541,0.5642162165685826
INE02ID01020,RAYMONDLSL,2026-09-01,24,-0.021727686780931732,-0.17460219530752707,-0.14091634158231825,-0.4762932821958231,0.4123691119950319,0.706332550519887,-1.3126426457526346,-1.4187457238256787
INE030A01027,HINDUNILVR,2026-09-01,200,-0.017993302823407942,-0.0879048038259378,-0.05038366387722737,0.153574676334433,0.2166692616171269,0.3202831706808625,0.4088013023783319,0.704114114773547
INE031B01049,AJANTPHARM,2026-09-01,200,-0.01063322294508473,0.05070437438791697,0.2820382964483428,0.4206077527817307,0.3801099136892065,0.5612986514786606,0.9355392742334266,2.0635927751349756
INE034A01011,ARVIND,2026-09-01,200,0.0024669164142727684,-0.051233486860747246,0.6445845296980919,0.26899051476536706,0.47966241024913037,0.8791348030346845,0.425279343151816,0.7472160936536466
INE036D01028,KARURVYSYA,2026-09-01,200,-0.04444767530421223,0.13047369648866236,0.15664577442801075,0.1727643479230776,0.40068321926280887,0.8321938326364681,0.2689514877147744,0.45493079893078864
INE038A01020,HINDALCO,2026-09-01,200,-0.028509539474138923,0.03663633686786549,0.12120104106467222,0.1299347478847197,0.3998327490624321,0.7050084644640848,0.16240477558925628,0.26777652729502877
INE03EI01018,MAXESTATES,2026-09-01,35,0.15902439024390236,0.3862310385064176,0.9238866396761132,0.31222992667170857,0.49478735967360893,0.5426942326367349,0.49966904335388856,0.9457499601503873
INE040A01034,HDFCBANK,2026-09-01,200,0.031029619181946355,-0.08390251417110173,0.015775225616318167,0.150652599467332,0.2188434506319899,0.32397340283530734,0.3913875385348706,0.6213215529546993
INE041025011,EMBASSY,2026-09-01,89,0.0025086105600644615,0.01801472048506847,0.07740563491067376,0.1088035659679576,0.16679490740041708,0.2551420673581855,0.2626193248382598,0.36375101538186067
INE042A01014,ESCORTS,2026-09-01,200,-0.06570953216297992,-0.03611746330974552,0.03268342444924088,0.21621980006091812,0.420100342796176,0.7633298997220607,0.3599611441742785,0.5982015864078255
INE044A01036,SUNPHARMA,2026-09-01,200,-0.07431479059418988,-0.010944808606967782,0.04832422464473618,0.1717570321931714,0.2686731134455778,0.6461559110205415,0.3973491460461897,0.6445564920631307
INE045J01034,FCL,2026-09-01,140,0.12382261385869753,0.4711070575774339,1.9666814629087193,0.3087358960079536,0.6600171703737706,0.7338848529610833,0.36928720486154154,0.8134232514153343
INE047A01021,GRASIM,2026-09-01,200,-0.04799764130172801,0.03845074883274968,0.2586298057680896,0.1416263382074956,0.26951741061775614,0.6060221627882277,0.284309418199966,0.4150746961667201
INE048G01026,NAVINFLUOR,2026-09-01,200,-0.009855339749870295,0.1174710550279694,0.3955918440913011,0.3774471024310899,0.3977465572748324,0.5257523656616104,0.7855431975874959,1.5822728056368456
INE04I401011,KPITTECH,2026-09-01,89,-0.09059829059829061,-0.20111356470028496,-0.15479771717591895,0.25719401312439705,0.5688535034076876,0.7054296617257358,0.3378620540667654,0.6049523692751766
INE053A01029,INDHOTEL,2026-09-01,200,-0.006979298338080309,0.02633235866871475,0.2891029702772552,0.1445084717126448,0.33047800379984543,0.5684847914767556,0.24058627442206182,0.4119740446307831
INE055A01016,ABREL,2026-09-01,200,-0.06587978519227222,-0.041698948139801906,0.12948104159944984,0.06454550891093347,0.44608537688338235,0.7982246836586233,-0.001018843281171596,-0.001501877505502766
INE055S01018,CYIENTDLM,2026-09-01,38,0.11589562539386855,1.0436672542996766,2.4546458111568144,0.20895886110373674,0.5317396109375568,0.6622216962768367,0.27073187353846034,0.5230221854369305
INE058A01010,SANOFI,2026-09-01,200,-0.011715780299695888,-0.09362068576257299,-0.02504584123052489,0.07201877740011908,0.2311206641501629,0.6247719432923912,0.030368454616238317,0.04557540442072149
INE059A01026,CIPLA,2026-09-01,200,-0.010431416180259334,-0.04838270999921124,0.14979795552001907,0.10005353129004857,0.24737724535668848,0.4239607561847147,0.14170070994001716,0.22878997956918096
INE061F01013,FORTIS,2026-09-01,200,-0.023045566050751476,-0.07315962516793795,0.11564767012999333,0.11667692583268807,0.320085558484685,0.5403930532204613,0.1614472270393312,0.2567546330115625
INE062A01020,SBIN,2026-09-01,200,-0.06018866772921583,-0.029895814078442995,0.03548761569641923,0.11335791538708917,0.336353511249545,0.553494773658482,0.1437711032283882,0.22909395368539773
INE063P01018,EQUITASBNK,2026-09-01,70,0.0016222132649352794,-0.017504406048477583,0.43224428752213484,0.1453348188122181,0.37862074695771586,0.5173927491752304,0.21217754034273734,0.3586087618083311
INE065X01017,INDGN,2026-09-01,28,-0.018883427396556574,0.1471921670133587,0.38687253763897855,0.06610486727266474,0.31031832686538874,0.3701339115001727,0.003560431908180556,0.005775994274019041
INE066A01021,EICHERMOT,2026-09-01,200,-0.055007229521594314,0.07368440289643163,0.15315920039831177,0.3513311786164923,0.3157743859774428,0.5858234476731055,0.9067587218329554,1.68203161274256
INE066F01020,HAL,2026-09-01,101,-0.00027080409494839586,0.09787881092445394,0.37933785423263644,0.32154584368842887,0.39267227364547097,0.4626518570995625,0.6533332269852453,1.2381152662799604
INE066P01011,INOXWIND,2026-09-01,137,0.09137416589752934,-0.1478029215365222,0.017353361041980042,-0.028300854352254934,0.6272314684513897,0.9577739538301083,-0.14875027648502898,-0.2630792850489576
INE068V01023,GLAND,2026-09-01,70,0.026370452639824293,0.1961028471958488,0.7594932890354267,0.06453163802652107,0.39499996542496746,0.7648996958756025,-0.0011857266189252487,-0.0018228676976706816
INE070A01015,SHREECEM,2026-09-01,200,-0.025862068965517238,-0.10262396716487199,-0.0156930907374756,0.16278131732365408,0.2871522914889716,0.3523209103748052,0.34052076275145965,0.5479713759631533
INE073K01018,SONACOMS,2026-09-01,63,-0.006211165203601987,0.3034359867362999,0.6829667508387014,0.1835554395101633,0.3464663297686873,0.44440212802662016,0.34218459147044655,0.6118589145980631
INE074A01025,PRAJIND,2026-09-01,200,-0.08098286303517244,-0.08899466125100597,0.005099096584498364,0.10083767555071588,0.4555053342147374,0.6432052973094026,0.07867674176087922,0.12915528263494772
INE075A01022,WIPRO,2026-09-01,200,-0.09577234779916155,-0.009711077862073814,-0.1007497089646775,0.06431808368248526,0.2620559945886728,0.4893858631421211,-0.002602177899364935,-0.003917145325319502
INE075I01017,HCG,2026-09-01,126,-0.034160627587574766,0.12940524250258334,0.348533860507245,0.140231464374442,0.3249408588382392,0.7828243506345443,0.23152355983614065,0.3754018531247804
INE079A01024,AMBUJACEM,2026-09-01,200,-0.03203292109941169,-0.07953068110733685,-0.027484065876153374,0.10078203966588295,0.2842679674028828,0.4382079688515527,0.12587432904520807,0.19231001433602513
INE079J01017,GATEWAY,2026-09-01,54,-0.017103587432306666,-0.06596853762482258,0.06891623976765038,-0.0193127740133745,0.2569526599434192,0.5128254127612376,-0.32812571012862884,-0.4424535759326294
INE07T201019,RBA,2026-09-01,69,-0.03037712307737883,0.20131349305342594,0.6611946478316824,-0.10104445729827771,0.3840397098478298,0.6833840398724758,-0.43236272979185,-0.6712391770315908
INE081A01020,TATASTEEL,2026-09-01,200,0.006455042816483569,-0.013400001622757451,-0.01299726267040724,0.10436234427238555,0.3777288386999467,0.6566804760590004,0.10420794029881707,0.16649068639812895
INE084A01016,BANKINDIA,2026-09-01,200,-0.011229581036899305,-0.0028489595005201096,0.055356089970468814,-0.03854670905886004,0.5020084211164162,0.9313252446474884,-0.20626488461803605,-0.33047578645755105
INE085A01013,CHAMBLFERT,2026-09-01,200,0.013063133348742983,-0.1014270420206479,-0.014560044208897005,0.1469644112541837,0.3543187955037481,0.6681186210047612,0.23132956053785364,0.37110607623763064
INE088F01024,PARADEEP,2026-09-01,52,-0.01802413250491608,0.15529970616565025,0.46545525267172216,0.36067130832420147,0.46349116342228786,0.5067611293709082,0.6379222122403543,1.2422819013368045
INE089A01031,DRREDDY,2026-09-01,200,0.026507254797979662,-0.12127708975175389,-0.0497132797780282,0.11285424950354761,0.24661395980106296,0.5440084293264897,0.19404517709439636,0.29639550100798506
INE090A01021,ICICIBANK,2026-09-01,200,-0.0791609185597919,-0.018188137858830555,0.11965132822118729,0.15299615084320028,0.29313914513727,0.4640468493257957,0.30018560230839797,0.47074203914315343
INE092A01019,TATACHEM,2026-09-01,200,0.0781493001555209,-0.03170614123890425,0.20687303626396858,0.15558239873623547,0.3334384504401302,0.48645829763763404,0.2716615273873455,0.4819583249851026
INE093A01041,HEXT,2026-09-01,19,-0.054438958462426745,0.018840463566094146,0.25755894560403725,-0.2216158787242023,0.437012015036737,0.5003753369003254,-0.655853543752357,-0.8133735282752759
INE093I01010,OBEROIRLTY,2026-09-01,191,-0.04443254817987152,0.01002166791111514,0.26084626193269855,0.1294634463719475,0.33485753169182597,0.47169644682208506,0.19251006852452734,0.30349184076199526
INE094A01015,HINDPETRO,2026-09-01,200,-0.018455228981544725,-0.04298325789848967,0.12550759827120705,0.17625203708159431,0.36600323338467033,0.6356581517649076,0.3039646290902248,0.5098213091212787
INE094J01016,UTIAMC,2026-09-01,71,0.02808570736876037,-0.0041334389800755655,-0.006523860614369714,0.14359237464043884,0.34248162107046215,0.45965613848945597,0.22947910137422892,0.35330127632059466
INE095A01012,INDUSINDBK,2026-09-01,200,-0.049478643518535814,0.045552883607305805,0.28628496194205444,0.12578261190123463,0.4061954371605622,0.8229922850182882,0.1496388347592597,0.22113325437762923
INE099Z01011,MIDHANI,2026-09-01,101,0.007605925251496615,-0.0027482958071786134,0.5429838009159449,0.13909171300221068,0.4555412092058144,0.5274248354837187,0.16264546764359994,0.29123682867951906
INE09VQ01012,INDIGOPNTS,2026-09-01,67,-0.04209623290285802,0.08777860408977345,0.5536961487617418,-0.13603011223727624,0.34932990344230436,0.7245520636463726,-0.5754735287655629,-0.8229404859662488
INE0AQ201015,THELEELA,2026-09-01,15,-0.05233175901729126,0.13692286026820022,0.3197020989700843,0.2594357593809391,0.25087864363802825,0.09690217808916568,0.7750191748544134,1.4881395747983466
INE0BJS01011,GOCOLORS,2026-09-01,58,-0.06664634954015125,-0.22265971105167381,0.22792938903428217,-0.253067051360626,0.3863797291019406,0.8219236868653166,-0.8231980805512411,-1.0032630972798897
INE0BS701011,PREMIERENE,2026-09-01,24,-0.12959571793902258,-0.1417697431018078,0.01235309925574235,-0.08643692557038318,0.3923619670364951,0.4673016807660051,-0.38596229577036817,-0.5255879200405024
INE0CAZ01013,URBANCO,2026-09-01,12,0.01196816463823347,0.28767226264031986,0.42276627748581475,0.010335737107608933,0.5451112736369113,0.3210776641894067,-0.10028092526444783,-0.17374107505207873
INE0CLI01024,RATEGAIN,2026-09-01,57,-0.08456861124094817,-0.04532057931773392,0.9591464940585275,0.192246262559981,0.4696729474828454,0.47174868321409097,0.270925253928168,0.4723088482388803
INE0CZ201020,ANTHEM,2026-09-01,14,0.03969543999954617,0.20498347246677162,0.41854599572549156,0.19105030883126384,0.3073002591935104,0.2674041848050258,0.4101861455049686,0.722403852416759
INE0DK501011,PPLPHARMA,2026-09-01,47,-0.029104432891858267,0.2383842477078224,0.5245350366019847,0.0681066077115362,0.3894762388235186,0.49161504007977547,0.007976372887137496,0.011856071439495314
INE0FS801015,MSUMI,2026-09-01,54,-0.030443129076121567,-0.0980126942400169,-0.019302712758693996,0.04853413973599796,0.24930850865218887,0.3686876300983365,-0.06604612234463934,-0.0905552086933306
INE0IX101010,DATAPATTNS,2026-09-01,57,-0.0018136006441445973,0.00473997220758382,0.4901782243056272,0.4591202141742712,0.5254181713237182,0.5490685289801289,0.7501076964683958,1.4327725674745315
INE0J1Y01017,LICI,2026-09-01,52,-0.024641119121934674,-0.0554847261163095,0.150022639742303,0.013394790801763534,0.2992159120117401,0.3748219330096779,-0.17246813129447366,-0.2603814992410585
INE0JA001018,VENUSPIPES,2026-09-01,52,0.3898216081905135,0.3196278160921,1.5543801199559857,0.563756062810991,0.5201493785544433,0.6316131839609446,0.9588708232183092,2.307596166712357
INE0JPD01013,SANATHAN,2026-09-01,21,0.06323937225763543,0.07741433846190038,0.3079015751021714,0.16850052333432575,0.348370213801284,0.2845188063359211,0.29709923303995245,0.5390831990167102
INE0JUS01029,HARSHA,2026-09-01,48,-0.033888971038155136,0.05322096186628689,0.40664063189088817,-0.009173942539902447,0.2906034409438073,0.42869725848289203,-0.25524110209777295,-0.41142230377812494
INE0KQN01018,BAJEL,2026-09-01,33,-0.11441372354079371,-0.10631971581296085,0.2566341042666782,0.09977576282169798,0.5213262470673273,0.538246740645089,0.06670633411865567,0.11819301589040573
INE0LCL01028,AVALON,2026-09-01,41,0.06927059325049378,0.4083466989224769,1.734590464624865,0.7511969172925912,0.5738774491981952,0.31573221754146163,1.1957203027429038,2.7462860486736975
INE0LEZ01016,ATHERENERG,2026-09-01,16,-0.0452348800026835,0.4379027046511834,1.1750663129973473,2.4631765561649055,0.47378101581527443,0.1768797615104339,5.0617827141895155,14.636046031589027
INE0N2P01017,RISHABH,2026-09-01,36,0.08398894177439131,0.34101334939700734,1.197440999277128,0.15079772168310845,0.49888461972766646,0.6480596806431886,0.17197908752918487,0.29738087093436166
INE0NNS01018,NSLNISP,2026-09-01,43,-0.07772245636119168,-0.005834305925377925,0.28313245467375636,0.0707028476263365,0.4312060529049651,0.5233309399052378,0.013225342241643723,0.02260666925334734
INE0ONG01011,NTPCGREEN,2026-09-01,22,-0.010725048168489293,-0.07277483715436839,-0.04083618561014524,-0.17084221678605438,0.31674157637695305,0.3225096586609311,-0.7445887574461629,-0.9604963219845535
INE0UOS01011,SANOFICONR,2026-09-01,24,-0.025795924817758387,-0.12260171800222963,-0.04716631165923135,-0.09404107601392686,0.21194126712156824,0.2809919563811462,-0.7504016474653888,-0.9227899249938979
INE0V6F01027,HYUNDAI,2026-09-01,23,0.001723378153344779,0.17024063076163332,0.2541583504278886,0.11658257230629743,0.28439263497419537,0.31202594957430535,0.1813780174404932,0.30353098199675943
INE101A01026,M&M,2026-09-01,200,-0.0700792199878123,0.004969541790351917,0.043777915712520654,0.17378300810919223,0.2897501912218599,0.7006896690475167,0.3754372262895169,0.5713568138143524
INE101I01011,AFCONS,2026-09-01,22,-0.07789252748264752,-0.15058616907871014,-0.023455600170211865,-0.2929992425052803,0.37298691528342826,0.5106695700003867,-0.9598171620396951,-1.237967935724238
INE102D01028,GODREJCP,2026-09-01,200,-0.023632517565129962,-0.12389908753869272,-0.09701431870924326,0.1663510637316894,0.25288036767663347,0.450713662310065,0.40078660381137365,0.6259777570151056
INE107A01015,TNPL,2026-09-01,200,0.08139365442736235,0.03566784133000356,0.24324091713221319,0.06682297619310629,0.37002627059878873,0.78981798283686,0.004926612886583119,0.0074178320919934876
INE111A01025,CONCOR,2026-09-01,200,-0.014358285194669973,0.06489716841246862,0.18996568026920313,0.05291239666189429,0.28640591782017705,0.592261526047355,-0.042204446856768656,-0.06269488480139443
INE112L01020,METROPOLIS,2026-09-01,89,0.025929487858054268,0.1060816165936973,0.3793313795454245,0.13661817466709958,0.35545223296771883,0.6335868160518152,0.20148466664324974,0.27963125708484243
INE115A01026,LICHSGFIN,2026-09-01,200,0.0181092116602537,-0.00858876661346164,0.12903780374377227,0.0967477231596301,0.33312859958203866,0.67102849151986,0.09530170390492597,0.1376557604689501
INE117A01022,ABB,2026-09-01,200,-0.04817699810172149,0.046236831735706696,0.2431501642688203,0.1527612445881803,0.3551505184431133,0.5071294743882937,0.24710999993158556,0.42928029193578615
INE118D01016,NUVOCO,2026-09-01,61,0.03041709749978838,0.08430958369812447,0.16897900735906846,-0.09833672392705484,0.3080888651256718,0.48279667690245515,-0.5301610749886353,-0.7228832076287653
INE118H01025,BSE,2026-09-01,115,-0.00475322902384212,-0.15278218052882064,0.22042311708010076,0.46369783368370476,0.5099086455041806,0.6949817516115839,0.7819005172769442,1.7805092903689084
INE119A01028,BALRAMCHIN,2026-09-01,200,-0.030137021505497463,0.21200101052527853,0.353047610797808,0.12175269213345508,0.4565861227023595,0.6764962912065255,0.12429789104749284,0.20934306093466112
INE120A01034,CARBORUNIV,2026-09-01,200,0.016085350823092037,-0.043387297866672725,0.4529856758166637,0.16908294955783987,0.3013091614239503,0.5459613066282546,0.3454357280938839,0.559385648940908
INE121A01024,CHOLAFIN,2026-09-01,200,-0.030903426111545396,0.006093972654052537,0.3292293713032455,0.3559143311084578,0.3843791943853463,0.5882709921039586,0.756842033486369,1.3382252058425324
INE121E01018,JSWENERGY,2026-09-01,200,0.010760905694120027,-0.09800226703494652,0.1191453754750742,0.11537273330729625,0.45786129058375,0.6986007859229451,0.11001745363333414,0.1933769185195788
INE121J01017,INDUSTOWER,2026-09-01,165,-0.033178997689047085,-0.004220716751416775,-0.06720851787863646,0.08462404566658521,0.3638657172232144,0.592592964384229,0.05393210939558449,0.0867393625804902
INE123W01016,SBILIFE,2026-09-01,107,-0.005458201666187823,-0.019652235448522792,-0.026050777896874044,0.11610145880094147,0.25740860251951314,0.3551956899318305,0.19852273117821564,0.2797478257363266
INE126A01031,EIDPARRY,2026-09-01,200,-0.12346761220000657,-0.01855872228230704,-0.09645388496836726,0.09567390912069085,0.3588859321018991,0.6148849813008126,0.0854698007833351,0.14060545027378554
INE127D01025,HDFCAMC,2026-09-01,97,-0.075168792309808,-0.08600933038276382,0.11804725339008826,0.14926744458368169,0.31168466141340273,0.49498847941617546,0.2703612176536131,0.4027686815829144
INE128X01021,ACI,2026-09-01,46,-0.037697018952267514,-0.10559064749269154,-0.2010263664512697,-0.020936408260281425,0.35814638750366395,0.38881035636932315,-0.23994771763376302,-0.3696767455105818
INE129A01019,GAIL,2026-09-01,200,-0.01743682342527464,0.005447658796532195,0.2664653294488293,0.08555973534282124,0.2811645851451296,0.5623320090477452,0.07312348862218496,0.11229935257964528
INE133A01011,JSWDULUX,2026-09-01,200,0.0076789536508532485,0.003213798888942021,0.1384238786768952,0.1379045356402686,0.2513107809412998,0.3174398450179992,0.29009712741809257,0.481819935181614
INE134E01011,PFC,2026-09-01,200,0.018584597760519683,-0.1762959273141208,-0.07905760399440376,0.13521439233604826,0.39875469847937595,0.6732156133318649,0.17608417556910574,0.3020639650800679
INE136B01020,CYIENT,2026-09-01,200,-0.08639768112135104,0.23091924284908005,0.4256493107976569,0.14590148595920804,0.3487607298942439,0.7186280038794322,0.23196845007102757,0.37210092256206934
INE136S01016,NEOGEN,2026-09-01,88,0.13047426746442348,0.2294946429303808,1.23885231780566,0.3348578949850336,0.46709928682691293,0.5012850875400844,0.5777313359183771,1.1177519765559172
INE138Y01010,KFINTECH,2026-09-01,45,-0.04123711340206182,0.07137124102794323,0.07534353451351294,0.31219812441401595,0.46304154392819785,0.4382873037579274,0.5338573345210426,0.9496246066513109
INE139A01034,NATIONALUM,2026-09-01,200,-0.0812581913499345,0.034719718423805945,-0.08536334026168468,0.13219140110750072,0.3841930468529477,0.7329000422778861,0.17488968542738528,0.28898334966384276
INE13B501022,SAATVIKGL,2026-09-01,12,-0.01471473677339219,-0.11431341653647731,0.09201798230660274,-0.060246516838501685,0.4163603602159013,0.3003146083211939,-0.30081277855931293,-0.46683968749552596
INE142Q01026,SULA,2026-09-01,45,-0.0863450524360212,-0.12247154956562833,-0.02258776562564968,-0.20289369638365096,0.39402244102158,0.788909093365021,-0.6798945148633776,-0.9003147371605135
INE142Z01019,ORIENTELEC,2026-09-01,100,-0.06934327472463886,-0.042011264470138254,0.07542365727023248,0.03781850341489679,0.3353091719188017,0.585826070543104,-0.08106398172634977,-0.12153260775051189
INE146L01010,KIRLOSENG,2026-09-01,200,0.028913117145873413,-0.08432017958057503,0.6289164487556864,0.19266956965209103,0.517856334298798,0.7652007161296258,0.24653472632513357,0.4839739295276521
INE148O01028,DELHIVERY,2026-09-01,52,-0.06181501852795579,-0.0933163625295722,0.027117800484619314,-0.04823453065947736,0.3756197520500762,0.6065354234590306,-0.3014605330030178,-0.3973430219167564
INE14LE01019,ABLBL,2026-09-01,15,-0.06389114259049056,-0.15193287723078575,-0.07513301068666745,-0.40781182700726837,0.25964726115405073,0.43135176056718194,-1.82097752506908,-1.8210502554850976
INE152M01016,TRITURBINE,2026-09-01,179,-0.014494904584507418,-0.1739474035888594,0.295372883032772,0.20534211789542778,0.37161700729444896,0.5888519679814685,0.3776525700941033,0.6430103244235592
INE154A01025,ITC,2026-09-01,200,0.02661443363197158,-0.08590354892990137,-0.06344838963563815,0.10770533717690833,0.2123732551873021,0.4524982260168773,0.2010862297102545,0.3006013809625908
INE155A01022,TMPV,2026-09-01,200,-0.016351038402940166,-0.13742198391978444,0.0341664181218615,0.054552879377295804,0.4658409346953002,0.8772260543134518,-0.022426368840981113,-0.035782940110885064
INE158A01026,HEROMOTOCO,2026-09-01,200,-0.030183486238532065,0.11867138922530329,0.059301982617382176,0.11305401119627989,0.2825136017788059,0.5644452526250168,0.17009450480867036,0.26658545950281365
INE159A01016,GLAXO,2026-09-01,200,-0.06927643095729596,0.15855201087956683,0.2751043476296515,0.10553685120691036,0.2682171172681404,0.4383218161880841,0.15113446755296048,0.25380581461580876
INE160A01022,PNB,2026-09-01,200,0.02661291426766188,0.09916575086283896,0.20007962111032196,-0.010342888200020606,0.441337879503835,0.8825169414969642,-0.17071475551729956,-0.25884342093740936
INE161A01038,NIITLTD,2026-09-01,200,-0.09729892063323964,-0.07997679525731627,0.8374898191638547,0.04019944284825594,0.5855733119222036,0.9175767544612338,-0.042352608369964344,-0.07243798980472778
INE169A01031,COROMANDEL,2026-09-01,200,0.04911064294398826,-0.001772199911950767,0.04798762164533232,0.19414556550609574,0.31840412016813685,0.5244412172666425,0.40560268327526344,0.6576067663446411
INE171Z01026,BDL,2026-09-01,102,-0.061490215226715716,-0.12554811879785543,0.09119095588759962,0.2556260305136795,0.4987195426402803,0.5115649207137036,0.382230921821276,0.7497467605351176
INE172A01027,CASTROLIND,2026-09-01,200,0.06856736690244758,0.10460649735787397,0.17405806494293885,0.0995574555858576,0.28793511491003154,0.5473212579583738,0.12001820478428084,0.19595900050006396
INE176B01034,HAVELLS,2026-09-01,200,-0.08978374195310734,-0.023203677461459793,-0.04414190224666237,0.208915582666805,0.3037248847979927,0.42926648118043614,0.4738353354303622,0.7884895082681307
INE177A01018,INGERRAND,2026-09-01,200,-0.14288951318706822,-0.0725085435422329,0.19652980132264086,0.20127644470895767,0.3149191278792479,0.3956344449482051,0.4327347329667802,0.7870787840409541
INE179A01014,PGHH,2026-09-01,200,-0.054738304185870335,-0.16967025387150358,-0.19095621220040004,0.1129477231381355,0.20148251320898133,0.5579585763773919,0.23797461315366486,0.385894918645894
INE180A01020,MFSL,2026-09-01,200,-0.008963178313371789,-0.015782828282828287,0.04581743547682615,0.13413053278248377,0.3411153720600565,0.4340967705053054,0.2026602681813844,0.3362861255716561
INE182A01018,PFIZER,2026-09-01,200,-0.14558961963490225,-0.08380985699819155,-0.1383678666011019,0.12410684303879749,0.3104376428593864,0.3969359012257983,0.19039844039007245,0.35026211530943696
INE183A01024,FINPIPE,2026-09-01,200,-0.0021218309900762344,-0.09998654486886582,0.04958561188365196,0.19712035134636285,0.3544365923105979,0.5900709087687461,0.37276160027682437,0.6372064469278694
INE189B01011,STYRENIX,2026-09-01,200,0.032813881117828014,-0.09078781226092592,0.16195101066037454,0.19708289031149184,0.42537784412654633,0.6483313501385574,0.3105072164317949,0.5727751052677148
INE191H01014,PVRINOX,2026-09-01,200,0.0968783677489351,0.37752812098041644,0.44208576788487575,0.13423005714787095,0.3565057941717647,0.5784306810273843,0.19419055252301415,0.3096862964636463
INE192A01025,TATACONSUM,2026-09-01,200,-0.040000000000000036,-0.07400518537811906,-0.010220916194698448,0.16929116889718632,0.29377257989335104,0.38208668273464935,0.35500647791923734,0.5868646284272534
INE192R01011,DMART,2026-09-01,114,-0.038487204527243635,-0.1439953123575377,-0.05228976544964692,0.20497785766077414,0.2938859915201301,0.3320742339292965,0.4762998635516323,0.7849247142089384
INE193E01025,BAJAJELEC,2026-09-01,200,-0.00538793123697856,0.02022287861685279,-0.03490389383388692,0.04835751259338017,0.3671558054834976,0.7405477083154638,-0.0453281336099365,-0.06914259001404988
INE195A01028,SUPREMEIND,2026-09-01,200,0.005984840918270562,0.1337956784682397,-0.037244017909932814,0.2681553563302006,0.29740374425134136,0.46035493118146453,0.6830961622275686,1.138417170800851
INE195J01029,PNCINFRA,2026-09-01,136,-0.2619186839113562,-0.3916415099750311,-0.13503586124243894,0.052610919321340655,0.46520087759838324,0.7309624802411829,-0.026631679507180716,-0.0429490393743808
INE199A01012,PGHL,2026-09-01,200,-0.04585644937586686,-0.12324518439619059,0.15587010925070954,0.17804786340209944,0.32529708688585,0.42369163229882867,0.34752190523541043,0.688987720492414
INE1NPP01017,ENRIN,2026-09-01,15,-0.0004954476120467843,-0.12361199000689149,0.25823426232703195,0.06859380315204544,0.4384393604330579,0.27429049434381503,0.008196807760361082,0.014058103274394555
INE200A01026,GVT&D,2026-09-01,200,-0.013542741084188181,-0.11087103051866132,0.2075194049963618,0.18672001602766275,0.47967616191260093,0.8960269245780844,0.25375456546002106,0.43045103455255435
INE200M01039,VBL,2026-09-01,118,0.053689597564263725,-0.16773131649998352,0.10218738605620503,0.33165721781803525,0.35276894891997146,0.4085313270568669,0.7558976452843321,1.3636064439962698
INE201P01022,GRINFRA,2026-09-01,62,-0.05740696997511996,-0.09875599911497679,0.03762800646737263,-0.13100216102579587,0.37548879177295696,0.5893884898315689,-0.5219920416274649,-0.7049172969262406
INE202Z01029,TSFINV,2026-09-01,102,0.13571779669177886,0.045294506776680565,0.3626133466162549,0.08874913291561914,0.5067626944869768,0.7040590460315332,0.046864406504235026,0.07830498763861982
INE203A01020,ASTRAZEN,2026-09-01,200,-0.028770768898798815,-0.1756322772713338,-0.1266935737373549,0.13312866415407232,0.40006613612147784,0.687216786651097,0.1702935040055113,0.3003537685236995
INE205A01025,VEDL,2026-09-01,200,-0.03810210509849765,-0.04683880283698816,-0.5913255786618554,0.05881386701787106,0.4771869703292693,0.8326302502790289,-0.012963750828863536,-0.020093378514615942
INE208A01029,ASHOKLEY,2026-09-01,200,-0.07196538051453327,0.03360813667927509,0.0755895300272662,0.19008794471558277,0.39559146471204226,0.7241995921352309,0.3162048625256271,0.5238166738189034
INE213A01029,ONGC,2026-09-01,200,0.008587761847704822,-0.004722628582425448,-0.17867328934199045,0.05988491423247977,0.29296150503794216,0.7113150424577135,-0.017459924527824112,-0.02675473747913523
INE216A01030,BRITANNIA,2026-09-01,200,-0.04800000000000004,-0.012680747383376878,-0.06302068815899142,0.24756727151489688,0.24286709552052466,0.2749540555931885,0.7517167820680268,1.3660486060185058
INE216P01012,AAVAS,2026-09-01,95,0.018553778401529275,-0.1553130363351809,0.1916511832893666,0.08719001087044909,0.37940606097228197,0.6249260765555523,0.05848617919699023,0.09128533752735335
INE217B01036,KAJARIACER,2026-09-01,200,-0.03382077121211857,-0.006361593759810935,0.30714050981902474,0.27281314437923143,0.358979642855579,0.5220038238457869,0.5788995240123872,1.0097830236725454
INE220B01022,KPIL,2026-09-01,200,0.031836658440056675,0.05503249818088407,0.377722350261646,0.13642517916023356,0.38928806358978396,0.7191672878900982,0.18347641718472654,0.2944719982425537
INE225D01027,SYMPHONY,2026-09-01,183,0.02080315790448717,-0.11343005477901058,-0.12263961239819143,0.1306927630815511,0.4008788128417047,0.6492568150987388,0.16387187593147068,0.2615898328783982
INE226A01021,VOLTAS,2026-09-01,200,-0.06990957660182784,-0.13047898744317243,-0.12445799911007394,0.1337678965625586,0.3637759204697546,0.7127673390701335,0.18903916585176003,0.2956197489821701
INE227W01023,CLEAN,2026-09-01,62,0.04018228768812859,0.12546212790786093,0.30395167275409696,-0.11980901697374324,0.37732378966440305,0.7324354676989542,-0.48978893469217755,-0.7531194251830895
INE230A01023,EIHOTEL,2026-09-01,200,0.1261070054654898,-0.0029890381834073443,0.16740115702964653,0.0740601265848162,0.36100109504228306,0.6832962533316435,0.0250972274301689,0.03910546631084597
INE233B01017,BLUEDART,2026-09-01,200,-0.020917952883834245,-0.009003413592743481,0.015588792921845451,0.14097425100169292,0.3531662960083692,0.7322516802702685,0.21512316396095882,0.37202344061887166
INE235A01022,FINCABLES,2026-09-01,200,0.13959739032784135,0.2153658245297092,0.8303269479705238,0.23229318431839907,0.3964248160461969,0.7172678544203385,0.4220048229748154,0.7263132415040428
INE236E01022,ELLEN,2026-09-01,14,0.15779676060051395,0.4087219086477609,0.88882705619001,-0.3124878234377285,0.5629825827824306,0.6182257644788619,-0.6705142130189343,-1.0294924379820563
INE237A01036,KOTAKBANK,2026-09-01,200,-0.016452060078444908,0.053440797263148765,0.1692477664632428,0.1530890552307429,0.23691429788045046,0.27648887909424685,0.3718182313977251,0.5897648140683447
INE238A01034,AXISBANK,2026-09-01,200,-0.033076923076923115,-0.06519326122813185,0.08324234731206115,0.12125713405116079,0.32694274491579095,0.5306774817531305,0.17207029342599622,0.2572979136750113
INE239A01024,NESTLEIND,2026-09-01,200,-0.0829268129541848,-0.018646988690179667,0.1738143382055457,0.16732376903061086,0.20226217551138942,0.29133113688788215,0.5058967094163831,0.8211284900765927
INE242A01010,IOC,2026-09-01,200,-0.015309457399980575,-0.008315150189728726,0.020834922744660922,0.11584862233787785,0.3107163164709653,0.6136110145029767,0.16364966898231545,0.26735081453402826
INE245A01021,TATAPOWER,2026-09-01,200,0.08011523859645187,-0.0277561924955414,-0.0042971518225093375,0.08200109168668068,0.3296400343360566,0.7307413423082862,0.0515747176186393,0.08408309710131018
INE257A01026,BHEL,2026-09-01,200,-0.006212583390757032,0.06573055032391184,0.797633462625227,0.03189755728012211,0.445773270384605,0.9246109285794047,-0.07425847380063347,-0.11758850512067118
INE258A01024,BEML,2026-09-01,200,0.10273231079085576,0.21279253032879297,0.561143922953937,0.10864995643902131,0.5307836716970832,0.8696482590576344,0.08223681090162137,0.13756101778488097
INE258B01022,FDC,2026-09-01,200,0.04537362763668873,-0.16833786734944634,0.0977888299583578,0.11203449815936461,0.27948151006139466,0.45238092604326324,0.168291985215882,0.2712570615954392
INE258G01013,SUMICHEM,2026-09-01,80,-0.10938255825351106,0.09768559816614486,0.26755648051324266,0.1155647112267637,0.3471110499333176,0.43818405070915145,0.14567300936250094,0.24165856929028115
INE259A01022,COLPAL,2026-09-01,200,0.010645064029340734,-0.04009208399175479,0.08481459480178133,0.13203622850233931,0.22183830445467229,0.5158098345155877,0.3021850922775903,0.4898983675799529
INE262H01021,PERSISTENT,2026-09-01,197,-0.03190633658057018,0.2561679473757883,0.11433007291388497,0.2912783402800674,0.37168696358224435,0.42299285491605265,0.6087874002877103,1.0853775003296828
INE263A01024,BEL,2026-09-01,200,-0.051031544917647054,-0.043628142427836525,-0.017012591470128013,0.21653598807840524,0.35657353124070357,0.6050296414112204,0.4249782297388514,0.7549175752295048
INE269A01021,SONATSOFTW,2026-09-01,200,-0.06180444631884119,0.04168488193259101,0.33018586223282864,0.2097024704892574,0.44302373191560374,0.7342468679376029,0.3266246479924992,0.5404432027304422
INE269B01029,LMW,2026-09-01,200,-0.06408432147562582,0.1321886980333271,0.4835381029407402,0.15230147933182736,0.31293976755900854,0.7234182976923461,0.27897214857924896,0.4662229519311933
INE271C01023,DLF,2026-09-01,200,-0.06757834170025634,0.052237351060546944,0.2942664661133514,0.05077840773955411,0.42992928100486355,0.7515343952078497,-0.03307891062271009,-0.052488658203866785
INE274C01019,WENDT,2026-09-01,200,0.0730677437121352,0.06461088291511974,0.48177587585320913,0.17688643525196257,0.40461134025713774,0.6414519048184895,0.2765281743731076,0.49856634712653447
INE274J01014,OIL,2026-09-01,200,-0.013406142162665446,0.14323732731145866,0.0025718832260690494,0.12364345263318355,0.3274262161334524,0.6485632221753016,0.17910432868112688,0.2948181297280791
INE278H01035,SANDHAR,2026-09-01,101,-0.07412007674435939,-0.1559369560938778,0.38468835944479385,0.059747304742587826,0.45762357157071876,0.6581955581989752,-0.011478200826463444,-0.019296230823654947
INE278Y01022,CAMPUS,2026-09-01,52,-0.06220437319223926,-0.09214085610263534,-0.024108524301996725,-0.11727041149913109,0.38268314007882925,0.6291530126074407,-0.4762959023007521,-0.6918777347255893
INE280A01028,TITAN,2026-09-01,200,-0.059560188962091365,0.09315294408954577,0.21836449293330018,0.28981272082364984,0.3059145003929681,0.3314302063381271,0.7348874294447061,1.1984540146086917
INE284A01012,ESABINDIA,2026-09-01,200,-0.08039872538606097,-0.0116435326485258,0.1405339979006479,0.17424041649193067,0.3525132236503144,0.4171914426236556,0.3098902655643206,0.5989063483792891
INE285A01027,ELGIEQUIP,2026-09-01,200,-0.028373297976689638,0.02389730420356062,0.31091284170887445,0.23453672207931464,0.3663223613278219,0.631347147122063,0.46280746134303336,0.7882534868014376
INE287B01021,SUBROS,2026-09-01,200,0.008146656039665023,-0.1413281079866182,0.13867806805383087,0.1987203553702992,0.4505269356415986,0.6132356196401448,0.2968087916427618,0.5390458997170376
INE288B01029,DEEPAKNTR,2026-09-01,192,-0.0932319499884342,0.03048710472659666,0.23837832387894364,0.3385577591404325,0.4179998271883804,0.5821475075478776,0.6544446704212343,1.3754315288245262
INE294Z01018,ANUP,2026-09-01,90,-0.0865346814451492,-0.2926982770469396,0.02820521915724261,0.28693890342812667,0.505852210916917,0.5673321087980122,0.43874257863939375,0.8156875774201514
INE296A01032,BAJFINANCE,2026-09-01,200,-0.0157993861607143,0.035381984402214295,0.30583873765654146,0.4291864317200542,0.3830215363340492,0.5615301460169003,0.9508249463091076,1.7481023952754058
INE298A01020,CUMMINSIND,2026-09-01,200,-0.001077375122429003,-0.09147512407450298,0.1425960724660389,0.20313138548180776,0.3120924612501106,0.6753688053587078,0.44259763574074096,0.7454036927895729
INE298J01013,NAM-INDIA,2026-09-01,106,-0.014757355717436638,-0.0060240963855421326,0.45650878672526796,0.21633216275575573,0.3810597116589702,0.5257168620591031,0.3971350371754614,0.6518580997783706
INE299U01018,CROMPTON,2026-09-01,124,-0.03721915644961682,-0.16341599951438956,0.027958156620539798,0.062361548012250356,0.31467940791198773,0.5316604834211752,-0.008384571476274008,-0.01334938667932025
INE301A01014,RAYMOND,2026-09-01,200,0.5478357803101361,0.6809900662081443,2.0386825585004,0.09316444397897783,0.5013744491513076,0.8898829886661049,0.056174470052577814,0.0868410859879021
INE302A01020,EXIDEIND,2026-09-01,200,-0.009994307544541448,0.12987267789387635,0.521148558821606,0.0969207332970694,0.3055698326201074,0.5220739776422889,0.10446297340076144,0.1709496245778662
INE304W01038,BLUESTONE,2026-09-01,13,0.012356221292233904,0.5159843125608423,0.7713796656569487,0.49621428673600576,0.608554983078038,0.38213275112001227,0.708587225027634,1.5727356177168343
INE320J01015,RITES,2026-09-01,98,-0.038603390118466696,0.033055588116071455,0.2029276056098248,0.14498849859897356,0.34867484999826603,0.5244017770980749,0.2294071356146603,0.4040873520176193
INE321T01012,DOMS,2026-09-01,33,-0.056976461891097396,-0.0869448700909824,-0.08249542088735051,0.21010104236205063,0.267920639119689,0.2952406708139977,0.541582174627574,0.9695400113454259
INE322A01010,GILLETTE,2026-09-01,200,-0.034929731204802805,-0.07154739494300966,-0.017019126167533316,0.1202223092989001,0.22968088704600897,0.43714895019196304,0.24043058179167573,0.4074362385034651
INE323A01026,BOSCHLTD,2026-09-01,200,-0.06000000000000005,0.1856963941210663,0.64582664214706,0.159723033533951,0.28648163356969275,0.6368133463500195,0.33064260474103874,0.5707135367659272
INE324A01032,JINDALSAW,2026-09-01,200,-0.06507345161847633,0.10711694830276097,0.5954960368817992,0.08957171279076581,0.49383195669104585,0.8233120585384385,0.04975723514413733,0.08212308881423713
INE325A01013,TIMKEN,2026-09-01,200,-0.008064562387865126,-0.10298548202763735,-0.030563552718689047,0.2413850096178909,0.35368572821971417,0.4549531714685754,0.4987054764853792,0.9113051844920197
INE326A01037,LUPIN,2026-09-01,200,-0.04816299901625287,-0.13265674477292078,-0.0932609866530748,0.13351253023510012,0.28697541312804103,0.7031781142447928,0.23874007005795858,0.3834321063201351
INE331A01037,RAMCOCEM,2026-09-01,200,-0.0111420475572509,-0.0621822562972556,-0.05214252945462072,0.14031086106199253,0.30719745975630397,0.4174899600439754,0.24515456970814709,0.37711331718124824
INE337A01034,LGBBROSLTD,2026-09-01,200,0.022453320404055344,0.0994344388869024,0.07006437172927993,0.2451543020191307,0.45154103127165945,0.7398065920721095,0.39897659247437234,0.7410269374430687
INE338I01027,MOTILALOFS,2026-09-01,200,-0.031546671439140916,0.06170504883871186,0.5962070327933622,0.12046844878963014,0.4733975107672244,0.7228362055095044,0.11717097688100157,0.1845254603116919
INE340A01012,BIRLACORPN,2026-09-01,200,-0.056262216035635526,-0.15083296498380439,-0.00023168130314121793,0.06300514160389747,0.40502839682426384,0.6368144812716517,-0.0049252309510734605,-0.008175534273324339
INE342G01023,NIITMTS,2026-09-01,37,-0.043853432851383656,-0.06715852598205563,-0.1602292573623485,-0.15765992148393104,0.387790378419101,0.5948547760620566,-0.574175982373893,-0.7106805832662703
INE342J01019,ZFCVINDIA,2026-09-01,200,-0.05823407715983919,-0.06814590604841775,0.042041350397236554,0.2056345460710629,0.2783958213103532,0.3949758853334056,0.505160405817603,0.9090842623584022
INE343G01021,BHARTIHEXA,2026-09-01,29,-0.003494030678785176,0.049929076833776787,0.03204412812121493,0.27923358172164203,0.2822165159987608,0.23635453259326,0.7591107166902404,1.4348459948688486
INE347G01014,PETRONET,2026-09-01,200,-0.026613439246721438,0.042022859058123974,0.19128806527887665,0.16088319377911464,0.2607979101560402,0.34403154479009235,0.36765322897620595,0.5900820567637572
INE348B01021,CENTURYPLY,2026-09-01,200,-0.044407353929868276,-0.033817337350642185,0.03153599995818057,0.18871718757327116,0.43255239088630665,0.6945820330098982,0.28601665412084004,0.49349399315262027
INE348L01012,MASFIN,2026-09-01,107,-0.05122303796164418,-0.06430052310665235,0.035911161857064,0.0413085452315578,0.3881381759559949,0.530866036934455,-0.06103871310800464,-0.09179368102059375
INE356A01018,MPHASIS,2026-09-01,200,-0.05231935614621086,0.09274265657026493,0.15054685677932667,0.10713147955446933,0.3329211384931508,0.5554441628828084,0.12655092958399247,0.19959588070748913
INE358A01014,ABBOTINDIA,2026-09-01,200,0.05493230174081232,0.09701743200034896,0.07690996479393353,0.2585953249135968,0.2635814524961463,0.2998087473089016,0.7344800746798651,1.466902228362136
INE361B01024,DIVISLAB,2026-09-01,200,-0.009717967677194461,0.43086485794418405,0.5829257711692823,0.23942437291460106,0.28253918023880636,0.559810883941935,0.6173457881741391,0.9869606022542603
INE365D01021,ASHIANA,2026-09-01,183,-0.03311527418534743,-0.10405356973568913,0.2683231480784398,0.18809531821514835,0.42078259137164803,0.8577566310172263,0.2925389993295298,0.493700829062843
INE366I01010,VRLLOG,2026-09-01,137,-0.03150251685714944,0.24713281958662825,0.2552373397386756,0.07685281221278539,0.3777238096107414,0.6601700419781082,0.031379573940547086,0.04733103279642703
INE372A01015,APARINDS,2026-09-01,200,0.0690019315625019,0.2057006476305836,0.915137322839112,0.3497955532404726,0.4362432475139283,0.6520499945505784,0.6528365879895476,1.29442159398704
INE376G01013,BIOCON,2026-09-01,200,-0.06553398058252424,-0.07850717589834866,0.06805329734685839,0.14586280417453756,0.2978670198301706,0.5559020651169602,0.2714728344905107,0.44667765173222435
INE379A01028,ITCHOTELS,2026-09-01,20,-0.00805792563958907,-0.11772877268016435,0.1593615751544044,-0.011491063867997253,0.34281630047438344,0.4217347532878611,-0.22312551580000778,-0.34463752699025757
INE383A01012,INDIACEM,2026-09-01,200,-0.06974236214539109,-0.08553242552472362,0.0029086679334096033,0.07954385679895326,0.4304624307535477,0.6623374061301383,0.03378658800372765,0.05428933186634109
INE386A01023,VESUVIUS,2026-09-01,200,-0.004414439712982721,-0.11354951111234324,-0.06481247592548622,0.20466737803407842,0.3394839023893271,0.4264148924907925,0.4114109006379484,0.789843584949641
INE386C01029,ASTRAMICRO,2026-09-01,200,-0.01950153530436949,-0.07271202512869857,0.9089755905713726,0.24346797262993203,0.48598124843390283,0.6525646093491384,0.36723221977196313,0.7401523653133224
INE387A01021,SUNDRMFAST,2026-09-01,200,0.02018433945097664,0.3147780539236755,0.6477400801481774,0.21686697668879784,0.34585176079695035,0.5484692086541484,0.4391100289292989,0.7796794400031913
INE388Y01029,NYKAA,2026-09-01,58,-0.04977827064548501,0.06852175446274789,0.41340422934674237,-0.04104919631250159,0.3649484094612297,0.6499726415657389,-0.29058681600794245,-0.4340922244028257
INE389H01022,KEC,2026-09-01,200,-0.02941176470588236,-0.2158033010410636,-0.20015926211932744,0.08848176603906555,0.45908540554249144,0.7799938023739516,0.05114901444387595,0.08302027290590344
INE397D01024,BHARTIARTL,2026-09-01,200,0.04492522949238653,0.035166143752470846,0.07558774677542068,0.12881204813366876,0.26731107052510605,0.4408149123203125,0.23871831424084428,0.37125561505820204
INE398R01022,SYNGENE,2026-09-01,133,-0.07910171480232364,-0.16029581844603236,-0.050796656156356756,0.07766326184606265,0.2977772042817336,0.6058543311883144,0.04252596123537265,0.06634350334669227
INE404A01024,ABSLAMC,2026-09-01,59,0.008176435811653837,-0.05865363192421025,0.23758690700186813,0.13243285447392683,0.31780168722740765,0.4455100135223241,0.21218532557907493,0.3190332249840669
INE406A01037,AUROPHARMA,2026-09-01,200,0.00990099009900991,0.09837211226417364,0.3293468012459708,0.20664949898344886,0.3925965147277528,0.6741193947440236,0.36080172306592206,0.6036593719577793
INE410B01037,VINATIORGA,2026-09-01,200,-0.06513433719663975,-0.06947236256016265,-0.06118112447406476,0.24062950253640492,0.3738040538724726,0.45399257372429563,0.4698437609676723,0.9295728436226507
INE410P01011,NH,2026-09-01,128,0.011168230585910655,-0.019742132957981662,0.20399572153715262,0.1809112785853777,0.2812938420904602,0.4511877480483752,0.41206475664014797,0.6857447365316456
INE417T01026,POLICYBZR,2026-09-01,58,-0.07040000000000002,0.07024439772136404,0.22075916822567465,0.07740924415779249,0.4053623696430736,0.5937598729328057,0.030612718612038348,0.04756903495932974
INE419M01035,TDPOWERSYS,2026-09-01,180,-0.017052767052767037,0.2347506087520772,0.7959613660942193,0.26457962347889064,0.4548242727757267,0.7976881538155302,0.4388060080014751,0.7866226367635718
INE423A01024,ADANIENT,2026-09-01,200,0.05627641455283361,-0.005270092226613898,0.7178474884580941,0.2696792158137915,0.5752131295326713,0.7836550969987923,0.35583196089435926,0.6301169025836106
INE424H01027,SUNTV,2026-09-01,200,-0.03099856672455925,-0.11478306832296858,-0.19503732086809944,0.03769928289574942,0.36074128716641624,0.6939307920608098,-0.0756794913016327,-0.11456801719986298
INE427F01016,CHALET,2026-09-01,91,-0.041274552078997884,0.06349222893425965,0.23400236710978972,0.16292336915023764,0.4035427429386692,0.7171432729784527,0.2426592247382333,0.37711190082862855
INE437A01024,APOLLOHOSP,2026-09-01,200,0.0051694105748159025,0.03143423711020832,0.20702417463378264,0.22199781310484368,0.3003749600921297,0.35238001713916556,0.5226727722466945,0.8970423252096624
INE438A01022,APOLLOTYRE,2026-09-01,200,-0.06754761041008472,-0.04314109627596063,-0.001598996889995541,0.1439376068058431,0.3844726007462493,0.7177195398314885,0.20531399806547382,0.31482840609440643
INE439A01020,ASAHIINDIA,2026-09-01,200,0.011525635614588525,0.13270164408830087,0.2277191431517176,0.1782435270497127,0.3581838932654211,0.7045846855616803,0.3161602997201135,0.5308774680327799
INE449A01011,AUTOAXLES,2026-09-01,200,-0.01585099201726803,-0.021698064333522282,0.1187459014044383,0.10970452153215904,0.4184717050583467,0.7417798745468335,0.106828062666569,0.1870886125611284
INE457A01014,MAHABANK,2026-09-01,200,0.017911553870711527,-0.08639546494917405,0.38290879714490544,0.05018419025956944,0.39486774649951867,0.8696966318150977,-0.03752094181348545,-0.06297109075340107
INE457L01029,PGEL,2026-09-01,180,-0.08881237263664754,-0.007499056393064363,0.12662280429028194,0.20999315320770062,0.7276848302455536,0.9382151100624149,0.19925268080519612,0.3439826076818268
INE461C01038,GREENPLY,2026-09-01,200,0.009131611940091267,-0.011055931077276315,0.626977855143309,0.2637461207717333,0.9557260413674156,0.762516903703426,0.2079530243702213,0.8442261037314323
INE462A01022,BAYERCROP,2026-09-01,200,-0.04820063639246608,-0.0757035157142556,-0.17500532647196343,0.13788613981988407,0.3141389295186444,0.42276611866947733,0.23201880751159246,0.39854533767710454
INE465A01025,BHARATFORG,2026-09-01,200,-0.0678416710451688,-0.08210766076241582,0.17523763551022187,0.18481365460637278,0.3431715937572429,0.6959395678955029,0.34913628279830206,0.5702623145158623
INE467B01029,TCS,2026-09-01,200,-0.12266079391440354,0.04186149025895136,-0.09057607389238165,0.13549639735714236,0.23181948480744635,0.5224389355499508,0.3041003969778382,0.5005134479526574
INE472A01039,BLUESTARCO,2026-09-01,200,0.04645443211621614,-0.054650636755415705,-0.04432084209698983,0.14741456374027218,0.36817844729383237,0.7082188930393208,0.2238440743776062,0.36149266389303325
INE473A01011,LINDEINDIA,2026-09-01,200,-0.02255109231853414,-0.1448386390866373,-0.08648673294560016,0.23879233471944494,0.4237120324424783,0.485761350007984,0.41016615392681444,0.8283622475006035
INE473B01035,HATSUN,2026-09-01,147,-0.0431349302298587,0.2391623340613951,0.24697170446064476,0.19575549733461983,0.3213261950122037,0.4144262263254029,0.4069244878390753,0.7528919827549365
INE477A01020,CANFINHOME,2026-09-01,200,-0.021124089086924647,-0.09485365092436038,-0.008115910427224038,0.280348449450718,0.40053392262373866,0.6304602550511227,0.5376534602613827,0.9708140015135397
INE481G01011,ULTRACEMCO,2026-09-01,200,-0.03807860262008733,-0.0012606516921033206,0.045957510424485815,0.1660800979289152,0.2683070054565991,0.31657611062382024,0.37673298077662665,0.6228849347826334
INE486A01021,CESC,2026-09-01,200,-0.03167764618777702,-0.13054616842393574,-0.022624305651782528,0.12191207131260717,0.3561270595431367,0.5466306140317152,0.159808331851047,0.2693104965672376
INE491A01021,CUB,2026-09-01,200,0.028797027681929155,0.14093479415085297,0.3230435304510759,0.18709479680909147,0.2960163010989583,0.4799790447487177,0.4124597069682157,0.624943841172282
INE494B01023,TVSMOTOR,2026-09-01,200,-0.039158779086494566,0.20536892070036727,0.2400558131095485,0.3425467049488018,0.36408326615825587,0.6073449691363934,0.7623165653215183,1.3979144471661977
INE497B01018,SEAMECLTD,2026-09-01,200,0.030749939394875803,0.21679431440760122,0.22681331211530464,0.13926010861114135,0.4878414840814844,0.7855619494344602,0.1522217995686846,0.27568129641285377
INE511C01022,POONAWALLA,2026-09-01,200,0.0336352016259196,0.08695160903511301,0.3013029365879676,0.16727168991931474,0.6285214639284964,0.9231322361186421,0.16271789555137556,0.34604678926010946
INE513A01022,SCHAEFFLER,2026-09-01,200,0.05051311307204953,0.006659164389605898,0.10598783606660866,0.25263996206035433,0.3010764706914532,0.4499876779825343,0.6232302432316275,1.194368903105635
INE520A01027,ZENSARTECH,2026-09-01,200,-0.05191700571219304,0.05113796889860378,-0.1311845852631187,0.19629922937412814,0.4288939149048166,0.7369912195384375,0.30613451208154135,0.5728139597580415
INE522F01014,COALINDIA,2026-09-01,190,0.033199674430944626,-0.04194680850153254,-0.06619335805528304,0.09130199024112229,0.26915681000795505,0.6312022479374358,0.09771995083588975,0.1603699706562122
INE536A01023,GRINDWELL,2026-09-01,200,-0.06297579061495928,-0.11657225994268694,0.4142287554973103,0.23280929269351147,0.2973220809215902,0.49706650333940255,0.5644023887272811,0.9885432637668469
INE536H01010,CIEINDIA,2026-09-01,200,-0.009973133916958976,-0.15432502354813205,-0.11749230996332993,0.0796436623261334,0.4530851093243878,0.7607031177035194,0.032319893160843695,0.05258064309381506
INE540H01012,VOLTAMP,2026-09-01,200,-0.002704313150295623,0.05951140586536274,0.2661561093381162,0.1847748979240238,0.3856448713708248,0.6436443817742463,0.3105834066929721,0.5424320908877608
INE540L01014,ALKEM,2026-09-01,129,0.025705976170372402,-0.016825181040100334,0.03345603290105981,0.13959956231255033,0.24601691136664752,0.24534690761375916,0.30322940767828765,0.5212845081325559
INE544R01021,GREENLAM,2026-09-01,138,-0.06611536826617437,-0.10212248934689727,0.13516053492363045,0.15886091420771598,0.39963580712236807,0.6131202174948428,0.23486612694586664,0.38233697818928075
INE545U01014,BANDHANBNK,2026-09-01,102,0.07033639143730896,-0.1354838544328123,0.2487929974908285,-0.10503999095251015,0.49431203495973036,0.7939761601240739,-0.3439932247782772,-0.5057802924902453
INE548C01032,EMAMILTD,2026-09-01,200,0.01222530826107504,-0.08867172067364815,-0.06342140843046928,0.10824591766660863,0.32514734438511295,0.7327677109800603,0.13300406235330356,0.2151442620261546
INE552Z01027,ABDL,2026-09-01,26,0.047218547896310525,-0.030393843518622177,0.6166498073250757,0.41979985387469365,0.5224361581728635,0.3896986510583311,0.6791257617304842,1.3971067426103307
INE559R01029,LANDMARK,2026-09-01,45,-0.021948315615571645,0.1563871296284638,0.3963107195966815,0.025169378806692677,0.4375838968004451,0.564666343826378,-0.09102396474034692,-0.1405448793736247
INE562A01011,INDIANB,2026-09-01,200,-0.06559111233049375,0.028347471605741914,0.014177555331759795,0.12581697713381756,0.5136368708941149,0.8883445728820658,0.1184046173086255,0.19156021084824607
INE563J01010,ASTEC,2026-09-01,200,0.2960584918601832,0.021722337022188176,0.34424721610352704,0.15992021046974725,0.526385238642056,0.7980414315702894,0.18032460544413814,0.33288759238270327
INE570A01022,IONEXCHANG,2026-09-01,55,0.21561077469690648,0.08719608638136189,0.38533922697054024,0.2166803684551979,0.3985063418120973,0.5420411965345043,0.38062221987603356,0.7167964918457295
INE570L01029,SAILIFE,2026-09-01,21,0.09645821301500224,0.29668632964857666,0.6466049382716053,0.5406867172036522,0.2622313609140059,0.09044868948906422,1.8139962952777613,3.3443425998773146
INE571A01038,IPCALAB,2026-09-01,200,0.017570484957672772,0.18552436376331571,0.2594160277265727,0.19315329085009725,0.2941934996790582,0.5263110842863885,0.43560884584432463,0.7081347903035148
INE572E01012,PNBHOUSING,2026-09-01,118,-0.013580548662879943,0.09971375600201915,0.512406899778932,0.046551499261703544,0.47198714475898584,0.8988287346519795,-0.03908687120645404,-0.059671933411491525
INE575P01011,STARHEALTH,2026-09-01,57,-0.036459730879843666,-0.07114360055286584,0.19573767823599741,-0.07386912561422632,0.3914796442469997,0.5356119871139526,-0.35472885411791266,-0.5777293524599678
INE584A01023,NMDC,2026-09-01,200,-0.10260766140019295,-0.07057306103551197,0.03776065306899823,0.0349918469169852,0.34502962299203455,0.755909570595141,-0.08697268606327051,-0.13154499236082576
INE585B01010,MARUTI,2026-09-01,200,-0.10659186535764376,-0.13393194318619828,-0.006618603361994269,0.1479292066770861,0.30692631999329434,0.549130170431854,0.2701925552650483,0.4150762822347017
INE589A01014,NLCINDIA,2026-09-01,200,0.005235579388331413,-0.16521742921438276,0.0007445334508890955,0.07901583887528196,0.35178347193268406,0.6304292417410633,0.03984223249113869,0.06971048991080254
INE594H01019,THYROCARE,2026-09-01,124,-0.08056246849798387,0.011833242571361202,0.6107403242131078,0.12052762087167945,0.39225863290458535,0.6659868696690915,0.14155869677235688,0.2709806863432606
INE596I01020,CAMS,2026-09-01,71,-0.0945652330013187,-0.10399039596708459,0.14091608530947575,0.2043728636992881,0.35830019817594627,0.45509094734731337,0.3889834959869263,0.6435658144798958
INE597I01028,SHARDAMOTR,2026-09-01,132,0.0953108631237749,0.11283082599881311,0.36588981326690484,0.17033934168032983,0.5949976228999934,0.7947824295813365,0.17704161769068977,0.3307955561563781
INE599M01018,JUSTDIAL,2026-09-01,159,-0.058011843845225064,0.27440705675449717,0.36335843357945996,0.002434569584574886,0.5315920436354122,0.8239151570118859,-0.11769444476173363,-0.20820872436348897
INE600K01018,GALAXYSURF,2026-09-01,103,-0.017911041290676444,0.14170255566493606,0.47925335150583415,0.045026939265803145,0.29965360955884135,0.524777456244121,-0.06665382994585572,-0.095900417074406
INE600L01024,LALPATHLAB,2026-09-01,129,-0.019487207509374938,0.155358895797433,0.4530491918062842,0.1628132103659221,0.30018238938999686,0.5463076380243594,0.3258459317506572,0.5301881275291693
INE613A01020,RALLIS,2026-09-01,200,-0.01636179038420127,-0.08416840799120884,-0.0542439800468566,0.07835779505605367,0.3406156634215355,0.4516901445802897,0.03921662005168115,0.06399926140201417
INE621L01012,TEXRAIL,2026-09-01,200,0.059154498387241405,0.07184537976272876,0.46440190830891503,-0.009120819123068613,0.5691069832680001,0.8847633168137456,-0.13024057216350152,-0.20664471797852477
INE622W01025,ACMESOLAR,2026-09-01,22,0.08284609225441941,0.1437393613497886,0.663736188873268,0.28767424777825035,0.3890236109222366,0.20667605038228892,0.5723926299752576,1.0180861248288149
INE628A01036,UPL,2026-09-01,200,0.03156958648288133,0.02523503258936599,0.031101824929311128,0.12143612103606927,0.34210912124911985,0.5097352207968259,0.16496526263318523,0.26406668479152384
INE633B01018,POLYPLEX,2026-09-01,200,-0.08657576323273708,0.13515713803251161,0.44452460844081165,0.1993739300751607,0.45546012270555947,0.7306107301550291,0.29502896823753144,0.5637154782693321
INE634A01018,HONDAPOWER,2026-09-01,200,-0.043458845972187854,-0.10519900684162942,0.05649682673825884,0.13306407978200796,0.4220158462462019,0.5299596288843372,0.16128323234170625,0.29727803397735425
INE634S01028,MANKIND,2026-09-01,40,-0.048983135909290154,-0.09620527069819651,0.14702357920274411,0.17097512876549548,0.2807435895406594,0.303363836374183,0.3774801374410273,0.6968760994560211
INE637C01025,POKARNA,2026-09-01,122,-0.1263379576351673,-0.2794893841125995,-0.10032683063979142,0.1602291382020291,0.593421652175531,0.8296306229664425,0.1604746605603478,0.2692180986352073
INE643A01035,JTEKTINDIA,2026-09-01,200,-0.05534612679249784,-0.1308884690943135,0.007222987968146244,0.13284648017970868,0.4510464430043224,0.6959792252882081,0.15042016455733032,0.2551622789445517
INE646L01027,INDIGO,2026-09-01,130,-0.059992357661444395,-0.08352580107677643,0.24762267021681272,0.15328073599537317,0.337694890640754,0.4890588115088382,0.2614215922185445,0.39819817990904205
INE647A01010,SRF,2026-09-01,200,-0.018903258939920065,-0.08113439333975603,0.032310469132978525,0.30670985701072717,0.37722399919813226,0.6204329142069315,0.6407594891219316,1.2797901323868472
INE659A01023,SUDARSCHEM,2026-09-01,200,-0.0026050273925847245,0.43893892178757743,0.6976247324036295,0.2572451651365091,0.41174309134705506,0.5998573008753436,0.4669056243483321,0.8894152168691525
INE663F01032,NAUKRI,2026-09-01,200,-0.047067820889661105,0.2832942923694619,0.2969534185443752,0.22927035165960485,0.3250516781496173,0.4543182816894031,0.5053668776445857,0.9118613186744114
INE665L01035,VARROC,2026-09-01,98,-0.0005220559246301715,0.3638310498524251,0.8470368953066372,-0.01656565327571702,0.5194674328591885,0.8872177749527168,-0.15701783810926015,-0.23243848986515206
INE668F01031,JYOTHYLAB,2026-09-01,200,-0.04128369708600399,0.01773886986880746,0.0065270967182173845,0.11942687440218758,0.3634934882991375,0.6467794700884311,0.1497327356725491,0.24196350110000353
INE669C01036,TECHM,2026-09-01,200,-0.05583539583173369,0.12269163398816363,0.1394833110192204,0.14357849688450353,0.29716558775440927,0.447837615556986,0.26442663660451915,0.407219511649661
INE671A01010,HONAUT,2026-09-01,200,-0.0023923444976076125,-0.10544310236723498,0.3502456288686071,0.18318931663665916,0.3163740882982013,0.5336521730018577,0.37357457834934554,0.6485040020841756
INE673O01025,TBOTEK,2026-09-01,28,-0.01976964098484746,0.19647480870641298,0.6178945394752484,0.08701094544568555,0.4361888687847315,0.44437435742128023,0.05046196045077991,0.08515281520776878
INE685A01028,TORNTPHARM,2026-09-01,200,-0.04461113304382158,0.04759635022957709,0.1491441749128315,0.2725987390439413,0.23483341215283077,0.2541630794890454,0.8840255615279948,1.563595559200469
INE686F01025,UBL,2026-09-01,200,-0.04356132976690863,-0.05728826638232842,-0.18155481377063187,0.13936095166536178,0.330130909534849,0.4176386900624072,0.22524686273737765,0.38430844110052254
INE686Y01026,FINEORG,2026-09-01,98,-0.01586276364535777,-0.016059293978053613,0.31681099677436997,0.25654706945839134,0.32914548750179357,0.4960321519608161,0.5819525915795749,1.0068952897293144
INE688A01022,TCI,2026-09-01,200,-0.04400923065326179,-0.1016646579498931,-0.10001002236430345,0.20255701524905634,0.41924127933454997,0.6479828552153425,0.32810942535858295,0.6540375404229112
INE690A01028,TTKPRESTIG,2026-09-01,200,-0.09069889228193806,-0.1294928357240943,0.2516459300135978,0.18214661913122066,0.3493092329330033,0.5962389388244038,0.3353665122092238,0.6256864187893306
INE692A01016,UNIONBANK,2026-09-01,200,-0.06398773796203483,0.054183554186423954,0.1070211866032389,0.0008156447459803928,0.4695487734645081,0.9266475711096926,-0.13669369164877848,-0.21931488058800655
INE699H01024,AWL,2026-09-01,55,-0.02892758886491187,0.018354093491558032,0.05730292657538638,-0.14205699467556443,0.41837199607249814,0.7722065635719406,-0.49491121924825077,-0.7744440245633911
INE707A01012,VINDHYATEL,2026-09-01,200,0.04910274107671064,0.28366807549344775,1.736912176784366,0.17831113521401898,0.5666955478372975,0.7730685423157384,0.19995063600985172,0.3984827542498205
INE716A01013,WHIRLPOOL,2026-09-01,200,-0.10639358726207004,-0.11144946486556573,-0.08573929272522363,0.10855414803976493,0.3781079252276662,0.7212175834868058,0.11518972529745343,0.1842540990882567
INE718I01012,JSWCEMENT,2026-09-01,13,-0.0680843868450638,-0.12632888787179752,0.06974955729684784,-0.19164440628641688,0.2808336020269349,0.2008847034372515,-0.9138664477258742,-1.093322494278157
INE721A01047,SHRIRAMFIN,2026-09-01,200,-0.090008128855391,-0.0253675462395363,0.16467517579389113,0.16644003681344022,0.39157282854474934,0.6374959379779719,0.25905790549981317,0.4264648164311544
INE725G01011,ICRA,2026-09-01,200,-0.07560404247304064,-0.11489672562381037,-0.07261412917576893,0.12257839453028585,0.280331518252681,0.5019094043246409,0.20539393818138818,0.32945458922399645
INE726G01019,ICICIPRULI,2026-09-01,120,-0.048447903267331616,0.008300005516241882,-0.031091297112419647,0.05257635801115712,0.27774404359217986,0.39074309023071074,-0.044730543374261876,-0.06596292099854859
INE732A01036,KIRLOSBROS,2026-09-01,200,-0.04673188561185293,-0.11449833270874554,0.35784412003830424,0.13900532706075897,0.4695151756359222,0.7409296299699706,0.1576207349645822,0.2816915188709052
INE733E01010,NTPC,2026-09-01,200,-0.0007751382896833414,-0.08272475652819444,-0.11737165354448686,0.0716500619404501,0.26353889710009043,0.41743029785906666,0.025233701793646195,0.04219030808147343
INE736A01011,CDSL,2026-09-01,111,-0.0089126559714795,0.07443840964832638,0.2530635012880156,0.21116172840097236,0.396656643756056,0.4795857205577174,0.3684842563505929,0.6145529590888673
INE738I01010,ECLERX,2026-09-01,200,-0.03100816838033782,0.44664651529693256,0.3816768352946407,0.2263774704420125,0.41592437502428137,0.7722232032623142,0.38799714595373597,0.6969099720685793
INE741K01010,CREDITACC,2026-09-01,97,0.017675082937981257,-0.06841223525616813,0.19827286320029147,0.17304383952468538,0.4885687168695589,0.5992991903938073,0.22114358900619419,0.35376456947460505
INE742F01042,ADANIPORTS,2026-09-01,200,0.14493756070088337,0.007623494199738179,0.3954648676857724,0.18453941368881854,0.3285983909232714,0.4569679590882814,0.3637857548630885,0.5845381998294151
INE743M01012,RHIM,2026-09-01,174,-0.0012105449601753637,0.009245852498241725,0.0985649032433118,0.21677316788381185,0.4034419846787896,0.5924439570815991,0.37619576952222716,0.636505090409161
INE745G01043,MCX,2026-09-01,174,-0.04117647058823526,0.15183554985928294,0.367702339225612,0.21017042716075385,0.4096333959058202,0.765812889504288,0.35439109362589744,0.612358845658779
INE749A01030,JINDALSTEL,2026-09-01,200,-0.06153074265390823,0.05792348113052559,0.007550688755353585,0.037294239162491305,0.47113056772543455,0.926995187048044,-0.05880696931058623,-0.08953569845148093
INE752E01010,POWERGRID,2026-09-01,200,0.025611839547124093,-0.05588543724133854,-0.08713278547359171,0.12925017477542555,0.20416274786260563,0.2704364904598226,0.3147007740053718,0.5166836185446649
INE752H01013,CARERATING,2026-09-01,165,-0.034933501685403434,0.01102759991677571,0.16163929057012094,0.07743619713340344,0.4276038907650664,0.7998305791244087,0.029083451769235928,0.05111234664294858
INE753U01022,DIVGIITTS,2026-09-01,42,-0.044894290099418255,0.14771294104696708,0.8405714428279358,0.17168840783813355,0.37548987883832224,0.5718865712184419,0.28413124787331817,0.5067957784339967
INE758E01017,JIOFIN,2026-09-01,37,-0.04748293525607761,-0.02542556087251513,0.028239040085436207,-0.003782163253176818,0.3255766739820679,0.4493103237548397,-0.21126256501092336,-0.3105182858141404
INE758T01015,ETERNAL,2026-09-01,62,-0.0038098140102004185,0.23526076554830766,0.4274172949694308,0.18922662951504798,0.40717001231465544,0.6932153503714973,0.30509768833134826,0.441642309654906
INE761H01022,PAGEIND,2026-09-01,200,0.016759776536312776,-0.11527757378090764,0.1564078040152852,0.2694238364743262,0.29096166794025696,0.4967345276333984,0.7025799581142781,1.218242672146891
INE764D01017,VSTTILLERS,2026-09-01,183,-0.02102643453654307,-0.05408278867102412,-0.11189321919991724,0.16847276803372546,0.4029636516370369,0.7679497574240925,0.25677940829990026,0.43616659136776226
INE765G01017,ICICIGI,2026-09-01,108,-0.06943649698953225,-0.16282941008014717,-0.1443725600776321,0.09510410971617889,0.2298252809784333,0.32198543083169817,0.13098693750320636,0.20148090163478624
INE768C01028,ZYDUSWELL,2026-09-01,200,-0.015365807011539778,-0.09055743817942785,0.22737955346650995,0.15149547274260078,0.3047694866087532,0.40715030812978326,0.28380620942423623,0.4906133057986243
INE769A01020,AARTIIND,2026-09-01,200,-0.06154396339753909,0.07380832918550984,0.23324483867131374,0.2768936590086868,0.3665348476259912,0.6253102218515948,0.5780996278555788,1.0669977935313695
INE774D01024,M&MFIN,2026-09-01,200,-0.05281504613145105,0.1439166399468006,0.26266629918217976,0.1591313702964008,0.3861808894574568,0.7288496148324551,0.2437494264116626,0.36179866310260506
INE775A01035,MOTHERSON,2026-09-01,200,-0.04751573529164599,0.09953835477949147,0.5497965546073269,0.24863283708565853,0.3990328382353614,0.742317427015281,0.4601947997506572,0.7784230756593244
INE776C01039,GMRAIRPORT,2026-09-01,200,0.06055757732207834,-0.1141046810955183,0.17168145193814466,0.03917442544208338,0.46486403960163386,0.8314820122089328,-0.05555511366301402,-0.09116061218398169
INE786A01032,JKLAKSHMI,2026-09-01,200,-0.0013185386604640525,-0.11488621533741272,-0.03907144721080258,0.14442769719510307,0.43585075643685894,0.6370992877695446,0.18223599712074753,0.3081445504639383
INE787D01026,BALKRISIND,2026-09-01,200,-0.006098588382560832,0.04255223284249943,0.0913013977600885,0.265727076456842,0.34979731794838076,0.47988579801490294,0.5738382376232601,0.9699180291456069
INE791I01019,BRIGADE,2026-09-01,200,-0.05206977914178712,0.24608110663886906,0.2782184484175665,0.1498614303806305,0.420839375676379,0.7075760259985556,0.20164802840570703,0.3369133361543103
INE794A01010,NEULANDLAB,2026-09-01,200,-0.007388092133854829,0.2316169733225204,0.9025701685904146,0.4037853420895259,0.6880190626612785,0.8094894550575924,0.49240691206882253,1.1221427647509759
INE795G01014,HDFCLIFE,2026-09-01,106,0.013987369030242558,-0.043240365432975825,-0.06381015023401704,0.04879652415031854,0.2595115539700828,0.33036159098740653,-0.06243836007220488,-0.08861651602062558
INE797F01020,JUBLFOOD,2026-09-01,199,0.008064516129032251,0.20072310148301464,0.15508398399633383,0.2061196427113441,0.38199717866621025,0.5388996771132992,0.36942587692422374,0.6584901130183162
INE806T01020,SAPPHIRE,2026-09-01,58,-0.018343940039163176,0.2731547726939445,0.5297832961804843,0.02515836889350398,0.3875605640584183,0.5788324212808394,-0.10280104531092218,-0.15488162044379264
INE811A01038,KIRLPNU,2026-09-01,41,-0.022320111554435473,-0.2812581941479342,0.349714219817685,0.29534745440229204,0.5149476633672515,0.4332282128095235,0.44732206938477226,0.8831730938262728
INE811K01011,PRESTIGE,2026-09-01,191,-0.12118801250095679,-0.08161407842833368,0.27554961463910277,0.13831140164053246,0.42462297802799576,0.5882027178493561,0.17265057576723739,0.2789657965538075
INE813H01021,TORNTPOWER,2026-09-01,200,0.035964179178848754,-0.11032579892037375,-0.03265438371091278,0.11424333335634862,0.39680260519428695,0.7801339443404967,0.12410032774920302,0.2132426735273426
INE823G01014,JKCEMENT,2026-09-01,200,-0.01334502240405222,-0.06633303894710851,0.000659414172011541,0.2533298555502872,0.38005166734299944,0.5184934444665612,0.49553750643150873,0.9156836092133298
INE825A01020,VTL,2026-09-01,200,0.010488593878217989,-0.08362485785004925,0.11314117794599032,0.17805454885159833,0.33281647723182617,0.5314474179596733,0.339690359659835,0.5376346832292672
INE825V01034,MANYAVAR,2026-09-01,55,-0.0018340210912425325,0.33296599625656986,0.5505698005698005,-0.09652887730055126,0.3588307968727012,0.752653898408719,-0.45015332771968075,-0.6186884556227854
INE836A01035,BSOFT,2026-09-01,200,-0.03725323984039697,-0.006143789266048749,-0.1443661584908753,0.15138123649140045,0.4201435901822541,0.663740341194018,0.20559932011322396,0.32818129087308456
INE844O01030,GUJENERGY,2026-09-01,132,0.023392771084337127,-0.22490626973663108,-0.17495727026159436,0.09201724836323377,0.3691171401519002,0.6421954260579161,0.07319423950921257,0.1135748322095439
INE848E01016,NHPC,2026-09-01,200,0.002997858757554317,-0.05126557309692781,0.04667081350457791,0.09771719227864728,0.2907365950724972,0.4417289206179562,0.11253207485108305,0.18331319233756743
INE849A01020,TRENT,2026-09-01,200,-0.019410362942912318,-0.1397063559413425,0.28717139979159767,0.2547723389392751,0.3690928047686461,0.7097597218174264,0.5141588686840638,0.8389097084646118
INE850D01014,GODREJAGRO,2026-09-01,107,0.07524782823260412,0.21195987658634574,0.26137208615492913,0.02996354438415838,0.2988209381962649,0.4689235188225535,-0.11724899810343867,-0.18246853972279567
INE854D01024,UNITDSPR,2026-09-01,200,-0.07986577181208054,0.02307309652077616,0.1335395213697712,0.11078038717067962,0.38299513165893434,0.6863644087946446,0.11953255638624688,0.20101831587683797
INE858B01029,ISGEC,2026-09-01,64,-0.005565072128244419,-0.1491261182980963,-0.08814149028703988,0.06714046628369075,0.4384795093010404,0.5127058270457698,0.004881565131977916,0.008219701603575935
INE860A01027,HCLTECH,2026-09-01,200,-0.04793469340368173,0.17750921508751172,-0.04128170765453987,0.20243863779298898,0.27068482608593253,0.40436568765964304,0.5077441531552908,0.8464443477148039
INE864I01014,MTARTECH,2026-09-01,66,0.02250301696599699,-0.05491765632176371,1.0768809589670965,0.4267048882281841,0.5867374850041984,0.49513320652952997,0.616468007367206,1.5323432761093894
INE872H01027,LUMAXTECH,2026-09-01,200,0.011642988295345269,0.37554340947194875,0.38584504293787614,0.3690612698671478,0.4924710424529115,0.7440535808206679,0.6174195915208988,1.2062238845618591
INE872J01023,DEVYANI,2026-09-01,61,0.013331345303515985,0.2626379783536743,0.48662649922165513,0.023272801978799107,0.3766177229983572,0.5587124159342899,-0.11079456826672733,-0.16613268425472416
INE873D01024,INDOCO,2026-09-01,200,0.024186734885871752,0.04182595217467089,0.5196682884165786,0.1188484496537725,0.38131263434786844,0.6511333497891552,0.14121863479783625,0.2423470293711838
INE880J01026,JSWINFRA,2026-09-01,35,0.024264705882352855,0.08101817972376613,0.45058284443848384,0.28306329870904823,0.3381519744474309,0.30044386042433063,0.644867737547244,1.3399088739024823
INE884B01025,KIRLFER,2026-09-01,55,0.06291459734951932,0.046479274613636656,0.0697369299545092,0.6041281359656121,0.4283678763615926,0.39400336568459116,1.258563411768358,2.3576717176359367
INE887G01027,GOKEX,2026-09-01,200,-0.06806252113251354,-0.1666189521900946,0.2543088326242895,0.09653865895463842,0.5255465269537675,0.8173662317726966,0.06001116425875057,0.0985096719825507
INE891D01026,REDINGTON,2026-09-01,200,0.11767996115587875,0.4795838916094557,1.04366838450452,0.1983115424692119,0.3719206917866959,0.6051109031920708,0.35844077894345494,0.5892740700211235
INE894V01022,BELRISE,2026-09-01,16,0.036243351916072086,0.009182860856708386,0.29448228639701335,1.0341431917839419,0.33155056863504306,0.07818064688851532,2.923062975804255,10.986746355658074
INE913H01037,ENDURANCE,2026-09-01,119,-0.04848145498019418,0.026050881167399176,0.23910283162994972,0.16525241386248113,0.3517865053902018,0.5991923663481035,0.2849808401583827,0.42879384927342934
INE914M01019,ASTERDM,2026-09-01,103,-0.0012566299034805217,-0.03747851865199969,0.13187650528523664,0.2266730936357364,0.35752216134207093,0.4952194645363936,0.4522043977045955,0.751851722288323
INE917I01010,BAJAJ-AUTO,2026-09-01,200,-0.05902720527617478,0.1747632770687526,0.3180700407850636,0.1963344533523661,0.2626029991418892,0.3618272035988188,0.5001254889758654,0.8005453621949152
INE918I01026,BAJAJFINSV,2026-09-01,200,-0.08337456704601687,0.0406134427655338,0.1362180973800471,0.2787827446223605,0.3785588394788609,0.5331866643827706,0.564727916317216,1.0161902167954262
INE918Z01012,KAYNES,2026-09-01,46,-0.046132971506105847,0.12591694479414017,0.024900833890840968,0.5094732643426629,0.5059968231003417,0.5791056065482472,0.8784111758237694,1.4512666836936878
INE922K01024,INDIASHLTR,2026-09-01,33,0.04899996243990379,-0.11373237509153089,-0.08455183526730137,0.07558210429261192,0.24860295808681462,0.3009893439863495,0.04256628470573765,0.06818328587168196
INE926X01010,HGINFRA,2026-09-01,102,-0.09713289821781823,-0.22181496329463213,0.029133922544164026,0.048450611270945076,0.4821063266334038,0.7545685353119065,-0.03432725897753914,-0.05895322864828665
INE930H01031,KPRMILL,2026-09-01,200,-0.03074044830364664,-0.02836335318723393,0.3791161670261205,0.3591112790550661,0.42510666983755535,0.6346481420165476,0.6918528922810219,1.302500872661136
INE933K01021,BAJAJCON,2026-09-01,193,0.08037134817464242,-0.14499161199655686,0.47211852083690964,0.10870473259384505,0.34096858444932876,0.7207098320778723,0.1281781800057301,0.20310532922781413
INE934S01014,GNA,2026-09-01,120,0.034639275822389015,0.2658356663863317,0.5771051941096923,0.17895904589730027,0.4586121359591625,0.7405969648142643,0.24848676465781064,0.4214304719085444
INE935N01020,DIXON,2026-09-01,108,-0.12424242424242427,0.09102348993288589,0.34446397188049227,0.42787936122554204,0.44022345469746055,0.5133624765616006,0.8243071952513923,1.5398897954473922
INE944F01028,RADICO,2026-09-01,200,0.011237436420011182,0.15206253448451523,0.7287729284385458,0.2523304332902023,0.37959016680201485,0.5538608604339295,0.4935070759825804,0.8321074722453227
INE949L01017,AUBANK,2026-09-01,110,-0.025409663806521543,0.021771306492828435,0.2574201781402443,0.15042985800431952,0.44136850053044324,0.6632556843135344,0.1935567624369402,0.3030581933978245
INE951I01027,VGUARD,2026-09-01,200,-0.06048797989848975,0.089829211107753,0.03776798712637919,0.2803914767623701,0.3549547583536188,0.3761569587228497,0.6068138873850207,1.2008197917041321
INE953O01021,SANSERA,2026-09-01,60,0.06127302157859882,0.3341453053145145,1.0555291082986313,0.39799487492454877,0.3628139929678565,0.3511911049541548,0.9178115546222895,1.8829591574543394
INE955D01029,GENUSPOWER,2026-09-01,200,-0.07141000707842382,0.039623840095694085,0.4484103895058318,0.20112773665434336,0.5486997557792506,0.8188475311458114,0.24809148395012118,0.4568683811654703
INE961O01016,RAINBOW,2026-09-01,52,0.028274546815998614,0.031056361705540603,0.25364957360625695,0.2851010343954039,0.28557756220023356,0.29354037935077204,0.7707224359632268,1.5416662880542176
INE967H01025,KIMS,2026-09-01,63,0.07193908085498024,-0.005831082914756092,0.30305708058879754,0.3188359972131338,0.3250620180723646,0.19628595555239944,0.7808848253585424,1.5076701014527423
INE970X01018,LEMONTREE,2026-09-01,101,0.00207059972426471,-0.08726961141888478,0.06024699424490465,0.04160273510555945,0.41281643565314274,0.7819082893800148,-0.056677164167221857,-0.08067597164798217
INE974X01010,TIINDIA,2026-09-01,106,-0.06474820143884896,-0.14124813506763123,0.03341560859694348,0.3029103591489426,0.4099506362989082,0.47838097439240285,0.5803390410534074,0.9626530612426831
INE976A01021,WSTCSTPAPR,2026-09-01,200,0.2558025549568319,0.4450578869124493,0.898614722218954,0.17753385717345083,0.4804232955053792,0.6665601636012459,0.2342389684810586,0.42571511630085074
INE976G01028,RBLBANK,2026-09-01,121,0.09346651037858411,0.12986525562266693,0.4390915109910125,0.03721078998829985,0.4594976959422542,0.877002654119918,-0.060477365299329955,-0.08862613484405901
INE982J01020,PAYTM,2026-09-01,58,0.07733973019410745,0.6205869683872645,0.9289885551762911,0.017686731174089365,0.5340001520412686,0.7296841730913154,-0.08860160178803501,-0.1168144099991538
INE989C01038,DIACABS,2026-09-01,192,0.056147424950744096,0.7521734699991387,2.087022291996746,-0.09215936565616845,1.0121487355993366,0.9978719963504387,-0.1552729950930657,-0.297866533492312
INF179KC1965,HDFCNIFTY,2026-09-01,39,-0.0305303768122972,-0.01927510926551612,0.05104483702406837,0.0747050106944338,0.13214233288850846,0.14527237598554352,0.07344361554916806,0.10181348376756957
