date,oil_price_usd_bbl,gold_price_inr_10g,cpi_index,cpi_inflation_yoy_pct,house_price_index,oil_return_1m_pct,oil_return_12m_pct,gold_return_1m_pct,gold_return_12m_pct,inflation_change_1m,hpi_growth_12m_pct
2010-01-01,71.45999908447266,16050.981650158312,,,,,,,,,
2010-02-01,77.58999633789062,16563.372599148497,,,,8.57822184712278,,3.1922717261665623,,,
2010-03-01,82.69999694824219,16035.455347589781,,,,6.585901342356593,,-3.187256993698584,,,
2010-04-01,87.44000244140625,16788.93464401309,,,90.626706474878,5.73156670867907,,4.698833179916906,,,
2010-05-01,74.0199966430664,18067.165857180495,,,90.626706474878,-15.347673174337595,,7.6135337963401994,,,
2010-06-01,75.01000213623047,18580.302861988144,,,90.626706474878,1.3374838395872723,,2.8401632489786,,,
2010-07-01,78.18000030517578,17613.339759361093,,,99.717031597059,4.226100624804774,,-5.20423757249554,,,
2010-08-01,,,,,99.717031597059,0.0,,0.0,,,
2010-09-01,82.30999755859375,18790.691073526174,,,99.717031597059,5.282677458808549,,6.684429700729222,,,
2010-10-01,83.1500015258789,19381.23471476445,,,100.879902268232,1.0205369848142576,,3.1427457294015193,,,
2010-11-01,85.91999816894531,20394.182731150126,,,100.879902268232,3.3313248252969663,,5.22643697005547,,,
2010-12-01,94.75,20473.43204332375,,,100.879902268232,10.277004212328045,,0.3885878302570145,,,
2011-01-01,101.01000213623047,19656.557593285466,,,108.776359659831,6.606862412908154,41.351810006080235,-3.9899243483442426,22.463273721900933,,
2011-02-01,111.80000305175781,20502.79704083521,,,108.776359659831,10.682111362570868,44.09074407593563,4.305125368639384,23.783951113248712,,
2011-03-01,117.36000061035156,20637.349123409316,,,108.776359659831,4.973164049038314,41.91052592638105,0.6562620812473607,28.6982419648671,,
2011-04-01,125.88999938964844,22161.76643405544,,,122.091899379462,7.268233414225533,43.9730053461602,7.386691486054042,32.00221993810843,,34.719559088585264
2011-05-01,,,,,122.091899379462,0.0,70.07566211696228,0.0,22.66321463611081,,34.719559088585264
2011-06-01,112.4800033569336,21619.10968872333,,,122.091899379462,-10.652153544944342,49.95333975947829,-2.4486168417433785,16.354990816387716,,34.719559088585264
2011-07-01,116.73999786376953,23039.701598850912,,,131.417743002657,3.7873349748378526,49.32207394228028,6.571000982841468,30.80825052844296,,31.790668953820877
2011-08-01,114.8499984741211,27007.04105495286,,,131.417743002657,-1.618981860744917,46.90457665106664,17.21957829653409,53.332879646514655,,31.790668953820877
2011-09-01,102.76000213623047,25454.628976360866,,,131.417743002657,-10.526771004367784,24.84510409938847,-5.748175357060436,35.464038426044795,,31.790668953820877
2011-10-01,109.55999755859375,26956.59810744758,,,122.787799055711,6.617356248541562,31.76187077338204,5.900573653937591,39.08607219390561,,21.716810082971307
2011-11-01,110.81999969482422,29127.511007684607,,,122.787799055711,1.1500567399671757,28.980449320911063,8.05336375006922,42.822644043466255,,21.716810082971307
2011-12-01,107.37999725341797,26681.069489919733,,,122.787799055711,-3.104135039595124,13.329812404662755,-8.39907507757679,30.320453519761735,,21.716810082971307
2012-01-01,,,,,176.9,0.0,6.306301338947007,0.0,35.736226260867724,,62.62724782591318
2012-02-01,122.66000366210938,26974.918686479905,,,176.9,14.229844290860271,9.713774878274318,1.1013396470902048,31.5670180646779,,62.62724782591318
2012-03-01,122.87999725341797,27300.47045246468,,,176.9,0.17935234366583952,4.70347359778347,1.2068683867727303,32.28671128840508,,62.62724782591318
2012-04-01,,,,,188.6,0.0,-2.3909779576009482,0.0,23.187249237103778,,54.47380289648096
2012-05-01,101.87000274658203,28248.247934992338,,,188.6,-17.09797768265455,-19.080146762667706,3.4716525642952467,27.46388253412846,,54.47380289648096
2012-06-01,97.80000305175781,28613.86154023573,,,188.6,-3.9952877050067337,-13.051208985646657,1.2942877239140005,32.354486157035936,,54.47380289648096
2012-07-01,,,,,194.3,0.0,-16.224083569124147,0.0,24.193715866801103,,47.84913784135804
2012-08-01,114.56999969482422,30128.76189640617,,,194.3,17.147235296292763,-0.2437951963577656,5.2942884134678625,11.558914710802103,,47.84913784135804
2012-09-01,112.38999938964844,30092.806458559666,,,194.3,-1.9027671388518463,9.371347852495514,-0.11933924789253592,18.221351749051884,,47.84913784135804
2012-10-01,108.69999694824219,29795.01806514558,,,158.948005491001,-3.283212440115124,-0.7849585884589172,-0.9895667053326007,10.529592593190774,,29.44934815460245
2012-11-01,111.2300033569336,30164.582012108658,,,158.948005491001,2.327512860829306,0.369972625192605,1.2403548343385529,3.560451849629187,,29.44934815460245
2012-12-01,111.11000061035156,29482.338872643617,,,158.948005491001,-0.10788702954268592,3.473648214136893,-2.2617357641195768,10.499089565289799,,29.44934815460245
2013-01-01,115.55000305175781,28458.22137473125,104.6,,159.526678349764,3.9960421357360776,7.608498796157104,-3.4736643599963424,6.660722072939906,,-9.82098453942114
2013-02-01,111.37999725341797,27319.057355825702,105.3,,159.526678349764,-3.6088322701921416,-9.196156914982945,-4.002934701734517,1.2757727774663552,,-9.82098453942114
2013-03-01,110.0199966430664,27830.508277973357,105.5,,159.526678349764,-1.2210456490290733,-10.465495522294088,1.8721397136295836,1.9414970391501862,,-9.82098453942114
2013-04-01,102.37000274658203,25667.374875478858,106.1,,159.975322732381,-6.953275886112731,-16.691076631892944,-7.772525678974129,-5.981931995748402,,-15.17745348230064
2013-05-01,100.38999938964844,25242.19386581565,106.9,,159.975322732381,-1.9341636258769168,-1.4528352969768177,-1.6565036811357015,-10.641559349431217,,-15.17745348230064
2013-06-01,102.16000366210938,23421.151072622273,109.3,,159.975322732381,1.7631280836958085,4.4580781945826375,-7.214280988704125,-18.147534754481377,,-15.17745348230064
2013-07-01,107.69999694824219,25657.716478279504,111.0,,169.187185843718,5.422859326098051,10.122692829820345,9.549340246866112,-10.331164347738975,,-12.924762818467329
2013-08-01,114.01000213623047,29488.97773038902,112.4,,169.187185843718,5.858872206858745,-0.4887820198004711,14.932198878075775,-2.123499691812647,,-12.924762818467329
2013-09-01,,,113.7,,169.187185843718,0.0,1.4414118296820932,0.0,-2.006555051627268,,-12.924762818467329
2013-10-01,108.83999633789062,26094.558695444306,114.8,,166.5021282221,-4.534694940328309,0.12879429032099932,-11.51080605770437,-12.419725209128496,,4.7525747226357495
2013-11-01,109.69000244140625,25086.401768274987,116.3,,166.5021282221,0.780968515357916,-1.3845193464442573,-3.863475672977479,-16.83491003387745,,4.7525747226357495
2013-12-01,,,114.5,,166.5021282221,0.0,-1.2780111251417092,0.0,-14.910408307013856,,4.7525747226357495
2014-01-01,106.4000015258789,24843.084803232647,113.6,8.6,175.449163519172,-2.9993626057988165,-7.918651046491432,-0.9699157626903876,-12.703311721050037,,9.9810798633303
2014-02-01,109.06999969482422,26348.57532037997,113.6,7.88,175.449163519172,2.509396739337366,-2.07397882524446,6.059998301625669,-3.5523994214199384,-0.7199999999999998,9.9810798633303
2014-03-01,107.76000213623047,24691.341791335944,114.2,8.25,175.449163519172,-1.2010613021537497,-2.054167038532051,-6.289651371632965,-11.279587333738805,0.3700000000000001,9.9810798633303
2014-04-01,108.06999969482422,25166.819413585756,115.1,8.48,183.209679568574,0.2876740464442973,5.568034380493847,1.925685636155472,-1.9501622753455128,0.23000000000000043,14.523713057332731
2014-05-01,109.41000366210938,23587.66543508938,115.8,8.33,183.209679568574,1.2399407523541628,8.98496297171112,-6.274745936484538,-6.554614228547395,-0.15000000000000036,14.523713057332731
2014-06-01,,,116.7,6.77,183.209679568574,0.0,7.0967107871091395,0.0,0.7109572110729934,-1.5600000000000005,14.523713057332731
2014-07-01,106.0199966430664,24819.83877181683,119.2,7.39,185.925884859084,-3.0984433832141334,-1.5598889069450395,5.223803687220574,-3.265597338609527,0.6200000000000001,9.89359739739859
2014-08-01,103.19000244140625,25015.730390169236,120.3,7.03,185.925884859084,-2.669302293215303,-9.490395133836948,0.7892541936043607,-15.169218075708358,-0.35999999999999943,9.89359739739859
2014-09-01,94.66999816894531,23955.491753677616,120.1,5.63,185.925884859084,-8.256617958022439,-16.963427422951717,-4.238287749168723,-18.76459071352965,-1.4000000000000004,9.89359739739859
2014-10-01,85.86000061035156,23130.592020390777,120.1,4.62,188.019555011921,-9.306007952880368,-21.11355797568968,-3.4434681690898694,-11.358562180133713,-1.0099999999999998,12.92321426733869
2014-11-01,70.1500015258789,23370.26300962707,120.1,3.27,188.019555011921,-18.29722684928401,-36.04704169520705,1.036164526290606,-6.840912357619167,-1.35,12.92321426733869
2014-12-01,57.33000183105469,24123.73840994758,119.4,4.28,188.019555011921,-18.275123900168154,-47.73452406323084,3.2240775382379017,-3.8373911381137993,1.0100000000000002,12.92321426733869
2015-01-01,52.9900016784668,25490.27609809447,119.5,5.19,194.726890846209,-7.5702075945809355,-50.19736755776416,5.664701154209961,2.605116474012159,0.9100000000000001,10.987642768060525
2015-02-01,,,119.7,5.37,194.726890846209,0.0,-51.41651982512898,0.0,-3.257478675219405,0.17999999999999972,10.987642768060525
2015-03-01,,,120.2,5.25,194.726890846209,0.0,-50.825908845587534,0.0,3.2356860696767242,-0.1200000000000001,10.987642768060525
2015-04-01,66.77999877929688,24117.504425284154,120.7,4.87,203.450381584436,26.023771775862812,-38.20671882310076,-5.385471964004884,-4.169438223628497,-0.3799999999999999,11.047834406743817
2015-05-01,65.55999755859375,24406.743321270034,121.6,5.01,203.450381584436,-1.8268961410663476,-40.07860765541831,1.1992903199497196,3.4724839066191837,0.13999999999999968,11.047834406743817
2015-06-01,63.59000015258789,24001.389084565955,123.0,5.4,203.450381584436,-3.0048771802427043,-41.87917190006435,-1.6608288593374931,1.7539830324247108,0.39000000000000057,11.047834406743817
2015-07-01,52.209999084472656,22570.72290454758,123.6,3.69,205.904939194947,-17.89589721781454,-50.75457391283823,-5.960764083185344,-9.06176662929472,-1.7100000000000004,10.74570888878943
2015-08-01,54.150001525878906,24064.00259076103,124.8,3.74,205.904939194947,3.7157680050279973,-47.523984645095275,6.6160029190406755,-3.8045173359488205,0.050000000000000266,10.74570888878943
2015-09-01,48.369998931884766,23641.65216329079,125.4,4.41,205.904939194947,-10.674058044544676,-48.9067287763489,-1.7551129571121038,-1.3100945437225064,0.6699999999999999,10.74570888878943
2015-10-01,49.560001373291016,24017.998617661462,126.1,5.0,208.93171205291,2.46020770660349,-42.27812599466031,1.5918788237441417,3.8365062013475226,0.5899999999999999,11.122330887158572
2015-11-01,,,126.6,5.41,208.93171205291,0.0,-29.35138945790624,0.0,2.771623099695386,0.41000000000000014,11.122330887158572
2015-12-01,37.279998779296875,22654.13675114945,126.1,5.61,208.93171205291,-24.77805135940151,-34.972967750538366,-5.678499229778067,-6.091931664257011,0.20000000000000018,11.122330887158572
2016-01-01,34.7400016784668,24440.68550295749,126.3,5.69,207.993334173919,-6.813297167382537,-34.440459373331436,7.886192139797132,-4.117611716318137,0.08000000000000007,6.812846068696055
2016-02-01,35.970001220703125,27265.74696630023,126.0,5.26,207.993334173919,3.5405857305951915,-32.11926763285984,11.558847083077461,6.965286924995229,-0.4300000000000006,6.812846068696055
2016-03-01,39.599998474121094,26335.119451642982,126.0,4.83,207.993334173919,10.091735141028192,-25.268923910577858,-3.4131744705453326,3.314375059325747,-0.4299999999999997,6.812846068696055
2016-04-01,48.130001068115234,27529.42443164275,127.3,5.47,219.199329350438,21.5404114208958,-27.92752029364144,4.5350277685004325,14.147069059025984,0.6399999999999997,7.740928104116573
2016-05-01,,,128.6,5.76,219.199329350438,0.0,-26.586328766868228,0.0,12.79433748808001,0.29000000000000004,7.740928104116573
2016-06-01,49.68000030517578,28575.987533557967,130.1,5.77,219.199329350438,3.2204429724963735,-21.874508278085013,3.8016163560335103,19.05972372213114,0.009999999999999787,7.740928104116573
2016-07-01,42.459999084472656,28906.14323234318,131.1,6.07,226.546023394785,-14.53301363999977,-18.67458374060701,1.1553605921667431,28.06919545549482,0.3000000000000007,10.024569726467526
2016-08-01,47.040000915527344,28205.129150877685,131.1,5.05,226.546023394785,10.786627248726344,-13.130194662974503,-2.42513875279331,17.20880200414612,-1.0200000000000005,10.024569726467526
2016-09-01,49.060001373291016,28212.23166763977,130.9,4.39,226.546023394785,4.294218576634612,1.4265091102811933,0.02518164949394386,19.332741522379205,-0.6600000000000001,10.024569726467526
2016-10-01,48.29999923706055,27300.019845531526,131.4,4.2,235.807644483898,-1.549127833176589,-2.542377121299899,-3.2333912214203786,13.664840606063876,-0.1899999999999995,12.86350079023999
2016-11-01,50.470001220703125,25825.4896285032,131.2,3.63,235.807644483898,4.492757801075786,1.8361578333259132,-5.401205659818142,7.525568802025884,-0.5700000000000003,12.86350079023999
2016-12-01,56.130001068115234,25121.475014700405,130.4,3.41,235.807644483898,11.214582346969193,50.563312516218595,-2.7260455616910595,10.891336494760795,-0.21999999999999975,12.86350079023999
2017-01-01,,,130.3,3.17,243.882369283058,0.0,61.57167057049047,0.0,2.785476338871651,-0.2400000000000002,17.254896774302118
2017-02-01,55.59000015258789,26858.701415882126,130.6,3.65,243.882369283058,-0.9620539911838533,54.54544972490063,6.9153041378547275,-1.4928824466874269,0.48,17.254896774302118
2017-03-01,52.83000183105469,25981.844996026783,130.9,3.89,243.882369283058,-4.964918715519584,33.409100673525295,-3.264701469657949,-1.3414575782156213,0.2400000000000002,17.254896774302118
2017-04-01,51.72999954223633,26157.022114754214,131.1,2.99,246.009162780245,-2.0821545536493846,7.479739028108989,0.674228942379651,-4.9852197974436185,-0.8999999999999999,12.230800846541644
2017-05-01,50.310001373291016,26426.26043951495,131.4,2.18,246.009162780245,-2.7450187154668737,4.529400076452461,1.0293156597855457,-4.0072177857078835,-0.81,12.230800846541644
2017-06-01,47.91999816894531,25842.408053723222,132.0,1.46,246.009162780245,-4.750552850540224,-3.5426773861092498,-2.2093643825544795,-9.56600179302496,-0.7200000000000002,12.230800846541644
2017-07-01,52.650001525878906,26112.456902707294,134.2,2.36,254.694453932596,9.870625078610473,23.999064204249287,1.0449833019534172,-9.664680297128058,0.8999999999999999,12.425038460621662
2017-08-01,52.380001068115234,27072.68772368583,135.4,3.28,254.694453932596,-0.5128213674048254,11.352040919763716,3.6772902088695547,-4.015019470870296,0.9199999999999999,12.425038460621662
2017-09-01,57.540000915527344,26929.092628694656,135.2,3.28,254.694453932596,9.851087709414163,17.284955778360334,-0.5304057596968614,-4.548165682394112,0.0,12.425038460621662
2017-10-01,,,136.1,3.58,257.403380003306,0.0,19.13043855987673,0.0,-1.3587067662794494,0.30000000000000027,9.158199924635024
2017-11-01,63.56999969482422,26367.767176119145,137.6,4.88,257.403380003306,10.479664030852764,25.95600982222166,-2.084457357383751,2.099776443415191,1.2999999999999998,9.158199924635024
2017-12-01,66.5999984741211,26812.19283361601,137.2,5.21,257.403380003306,4.766397347558238,18.653121693869636,1.6854884015335747,6.730169378693884,0.33000000000000007,9.158199924635024
2018-01-01,69.05000305175781,27452.846624553225,136.9,5.07,257.275182455421,3.6786856362897913,23.017997038631478,2.3894121413821523,9.280393004346132,-0.13999999999999968,5.49150527433937
2018-02-01,65.77999877929688,27453.23629463343,136.4,4.44,257.275182455421,-4.735704747195801,18.330632485588527,0.0014194159371871962,2.2135652410944173,-0.6299999999999999,5.49150527433937
2018-03-01,70.2699966430664,27673.541749297183,136.5,4.28,257.275182455421,6.825779791869935,33.01153550549394,0.8024753522659189,6.51107245666771,-0.16000000000000014,5.49150527433937
2018-04-01,,,137.1,4.58,264.234457728825,0.0,35.83993285306837,0.0,5.797753382972282,0.2999999999999998,7.408380542663084
2018-05-01,77.58999633789062,28185.190457717188,137.8,4.87,264.234457728825,10.416963205514108,54.22380087447629,1.848873241651483,6.655992898534091,0.29000000000000004,7.408380542663084
2018-06-01,79.44000244140625,27677.07096767464,138.5,4.92,264.234457728825,2.384335856209052,65.77630525221423,-1.802788917835474,7.099427074045805,0.04999999999999982,7.408380542663084
2018-07-01,,,139.8,4.17,263.946194194131,0.0,50.88319114741018,0.0,5.991830147568877,-0.75,3.632485952750053
2018-08-01,77.41999816894531,27555.576526853823,140.4,3.69,263.946194194131,-2.542804897256723,47.80449902677155,-0.43897145388945846,1.7836751492741998,-0.48,3.632485952750053
2018-09-01,82.72000122070312,27776.852118769762,140.2,3.7,263.946194194131,6.845780388927669,43.760861843123266,0.8030156498460395,3.1481175461952393,0.010000000000000231,3.632485952750053
2018-10-01,75.47000122070312,28706.083573915595,140.7,3.38,266.041359709157,-8.764506640487657,31.160931560460426,3.3453447178700246,6.598777648109255,-0.3200000000000003,3.3558144052887373
2018-11-01,58.709999084472656,27429.852585381923,140.8,2.33,266.041359709157,-22.207502140112357,-7.645116617402248,-4.445855476061345,4.0279687019714405,-1.0499999999999998,3.3558144052887373
2018-12-01,53.79999923706055,28736.95970361648,140.1,2.11,266.041359709157,-8.363140732377705,-19.219218513997816,4.765272121553976,7.178699936796207,-0.2200000000000002,3.3558144052887373
2019-01-01,61.88999938964844,30175.74683226665,139.6,1.97,261.437841690619,15.037175218052855,-10.369302455703655,5.006747907535614,9.918462172436882,-0.1399999999999999,1.6179793151713362
2019-02-01,66.02999877929688,30047.521465880774,139.9,2.57,261.437841690619,6.689286525248983,0.3800547349336325,-0.42492855967616316,9.449833685926778,0.5999999999999999,1.6179793151713362
2019-03-01,68.38999938964844,28862.68662884411,140.4,2.86,261.437841690619,3.5741339602924915,-2.6753911245610773,-3.9432032301967235,4.297046219525291,0.29000000000000004,1.6179793151713362
2019-04-01,72.80000305175781,28792.465415296327,141.2,2.99,260.550585360182,6.448316568894241,3.600407755165369,-0.2432940995784061,4.043297660038614,0.13000000000000034,-1.394168043148869
2019-05-01,64.48999786376953,29379.317427457576,142.0,3.05,260.550585360182,-11.414841812685372,-16.88361785335436,2.0382138302386554,4.236717759746167,0.05999999999999961,-1.394168043148869
2019-06-01,66.55000305175781,31420.103109800057,142.9,3.18,260.550585360182,3.1943018393951528,-16.22608131105724,6.94633456812439,13.523946036403501,0.13000000000000034,-1.394168043148869
2019-07-01,65.16999816894531,31672.157047444693,144.2,3.15,265.0,-2.0736360924570207,-17.963247525056758,0.8022059531880288,14.434641889801503,-0.03000000000000025,0.3992502369986495
2019-08-01,60.43000030517578,35008.75119167762,145.0,3.28,265.0,-7.273282180370266,-21.94523154946877,10.534786561062859,27.047790698773543,0.1299999999999999,0.3992502369986495
2019-09-01,,,145.8,3.99,265.0,0.0,-26.94632566077455,0.0,26.035704269099003,0.7100000000000004,0.3992502369986495
2019-10-01,60.22999954223633,34495.91349365017,147.2,4.62,256.756106459176,-0.33096270383822235,-20.19345625011878,-1.4648842948427165,20.16934809245672,0.6299999999999999,-3.4901540347455295
2019-11-01,62.43000030517578,33795.50212466307,148.6,5.54,256.756106459176,3.652666079462108,6.336231099834877,-2.0304183830819,23.20701330591024,0.9199999999999999,-3.4901540347455295
2019-12-01,,,150.4,7.35,256.756106459176,0.0,16.040894406129258,0.0,17.60291441133206,1.8099999999999996,-3.4901540347455295
2020-01-01,58.15999984741211,36458.611206737485,150.2,7.59,264.419903515147,-6.8396611194789125,-6.026821100373447,7.880069579232396,20.820907629542496,0.2400000000000002,1.1406389393532779
2020-02-01,50.52000045776367,36282.05822480674,149.1,6.58,264.419903515147,-13.136175051053389,-23.489320927257427,-0.4842559167424376,20.748921890297446,-1.0099999999999998,1.1406389393532779
2020-03-01,,,148.6,5.84,264.419903515147,0.0,-26.12954977535733,0.0,25.70575529357697,-0.7400000000000002,1.1406389393532779
2020-04-01,25.270000457763672,40751.187206869705,151.4,,262.992987028694,-49.98020540619314,-65.28846236476427,12.31773830021401,41.53420563013049,,0.9374001847417324
2020-05-01,35.33000183105469,42168.55812420271,150.9,,262.992987028694,39.81005615771682,-45.21630795261187,3.4781095091484193,43.53144258141428,,0.9374001847417324
2020-06-01,41.150001525878906,43638.23870912021,151.8,6.23,262.992987028694,16.473250476054325,-38.16679242843101,3.4852521648682355,38.886363792705914,,0.9374001847417324
2020-07-01,43.29999923706055,47322.80330430064,153.9,6.73,263.014096390503,5.224781607430873,-33.558385064227636,8.443431046199334,49.414525930177035,0.5,-0.74939758848942
2020-08-01,45.279998779296875,46260.82452493007,154.7,6.69,263.014096390503,4.572747291278567,-25.070331705064252,-2.2441163777676354,32.14074467165604,-0.040000000000000036,-0.74939758848942
2020-09-01,40.95000076293945,44812.494982579294,156.4,7.27,263.014096390503,-9.562716725021648,-32.235643627107315,-3.130790592740662,28.003694668298394,0.5799999999999992,-0.74939758848942
2020-10-01,37.459999084472656,44825.61103860214,158.4,7.61,261.316632044159,-8.522592462624123,-37.80508157200997,0.02926874754003439,29.944699237645644,0.34000000000000075,1.7762092001921248
2020-11-01,,,158.9,6.93,261.316632044159,0.0,-39.996798171780526,0.0,32.63780154309228,-0.6800000000000006,1.7762092001921248
2020-12-01,51.79999923706055,44512.7017756776,157.3,4.59,261.316632044159,38.28083423133848,-17.027071946424364,-0.6980591132490721,31.711911281807502,-2.34,1.7762092001921248
2021-01-01,55.880001068115234,43300.74363223485,156.3,4.06,266.505151781291,7.87645152731129,-3.9202179939454185,-2.7227242901372906,18.76684876091208,-0.5300000000000002,0.7886124449873577
2021-02-01,66.12999725341797,40889.665288740805,156.6,5.03,266.505151781291,18.342870417644484,30.898647375715594,-5.568214633845548,12.699409265551974,0.9700000000000006,0.7886124449873577
2021-03-01,63.540000915527344,40468.322820484,156.8,5.52,266.505151781291,-3.9165226757313376,25.771972169020074,-1.0304375574647362,11.538112225438834,0.4899999999999993,0.7886124449873577
2021-04-01,67.25,42106.9255922435,157.8,4.23,265.885954784166,5.83884014953806,166.12583609724018,4.049099783621579,3.3268684381917657,-1.2899999999999991,1.1000170719975833
2021-05-01,69.62999725341797,44280.78477339455,160.4,6.3,265.885954784166,3.5390293731122124,97.0846126371099,5.162711716838109,5.009008472546106,2.0699999999999994,1.1000170719975833
2021-06-01,75.12999725341797,42293.81892027312,161.3,6.26,265.885954784166,7.898894466393247,82.57592823215163,-4.487196564581364,-3.08082963157289,-0.040000000000000036,1.1000170719975833
2021-07-01,76.33000183105469,43271.42340428811,162.5,5.59,279.79797599907,1.5972376168057467,76.28176253112657,2.31145947321012,-8.561157871313918,-0.6699999999999999,6.381361242192729
2021-08-01,,,162.9,5.3,279.79797599907,0.0,68.57333014318594,0.0,-6.462057586178482,-0.29000000000000004,6.381361242192729
2021-09-01,78.5199966430664,41943.03055049416,163.2,4.35,279.79797599907,2.8691140566968087,91.7460199759716,-3.0699079190963485,-6.4032686267538335,-0.9500000000000002,6.381361242192729
2021-10-01,84.37999725341797,42877.33294917349,165.5,4.48,285.982091577155,7.4630678309752785,125.25360201728853,2.2275510052964576,-4.3463503213617365,0.13000000000000078,9.438916819051869
2021-11-01,70.56999969482422,42798.228524549035,166.7,4.91,285.982091577155,-16.366435183824745,88.38761724389848,-0.18449007711889287,-4.522821813420896,0.4299999999999997,9.438916819051869
2021-12-01,77.77999877929688,43732.41468764488,166.2,5.66,285.982091577155,10.216804755068543,50.15444000942924,2.1827682950942506,-1.752953779271782,0.75,9.438916819051869
2022-01-01,91.20999908447266,43305.450543520754,165.7,6.01,281.296205122714,17.266650187645062,63.22476260029366,-0.9763104717031568,0.010870278177854686,0.34999999999999964,5.550006535543983
2022-02-01,100.98999786376953,45841.87274517398,166.1,6.07,281.296205122714,10.722507266159798,52.714353634045864,5.857050717216761,12.11114696455291,0.0600000000000005,5.550006535543983
2022-03-01,107.91000366210938,47519.94094923516,167.7,6.95,281.296205122714,6.8521694669947175,69.83003164505665,3.660557703192513,17.425031820646208,0.8799999999999999,5.550006535543983
2022-04-01,109.33999633789062,47014.47893967967,170.1,7.79,284.857286968593,1.3251715570864686,62.58735514927973,-1.0636840018287685,11.654979028770974,0.8399999999999999,7.135138898114057
2022-05-01,,,171.7,7.04,284.857286968593,0.0,57.03001673251307,0.0,6.173544981812551,-0.75,7.135138898114057
2022-06-01,114.80999755859375,45763.50815291808,172.6,7.01,284.857286968593,5.002745019123034,52.81512279487084,-2.660820272764486,8.203773793011159,-0.03000000000000025,7.135138898114057
2022-07-01,110.01000213623047,45099.975455803135,173.4,6.71,288.138896301559,-4.180816587783298,44.12419690454292,-1.4499165905239697,4.225772825706997,-0.2999999999999998,2.9810509789094164
2022-08-01,96.48999786376953,43879.28804446554,174.3,7.0,288.138896301559,-12.289795482158517,26.41162786467115,-2.706625444915911,1.4047715382461634,0.29000000000000004,2.9810509789094164
2022-09-01,87.95999908447266,43549.2629081471,175.3,7.41,288.138896301559,-8.840293261629096,12.022418294690329,-0.752120535738865,3.829557226961078,0.41000000000000014,2.9810509789094164
2022-10-01,94.83000183105469,43254.04033797583,176.7,6.77,292.866927908512,7.810371553078799,12.384457119917025,-0.6779048609707794,0.8785700109866568,-0.6400000000000006,2.407436176645894
2022-11-01,85.43000030517578,45823.67045003929,176.5,5.88,292.866927908512,-9.912476372852518,21.057107375106643,5.940786321890479,7.069082132114102,-0.8899999999999997,2.407436176645894
2022-12-01,85.91000366210938,48406.50729570105,175.7,5.72,292.866927908512,0.5618674414361591,10.452564940096787,5.636468707756137,10.68793626293103,-0.16000000000000014,2.407436176645894
2023-01-01,,,176.5,6.52,293.304588180959,0.0,-5.810761402875109,0.0,11.779248773901752,0.7999999999999998,4.268945986315886
2023-02-01,83.88999938964844,48599.79049006556,176.8,6.44,293.304588180959,-2.351302742816508,-16.93236838878652,0.3992917588203637,6.016154183364852,-0.07999999999999918,4.268945986315886
2023-03-01,79.7699966430664,51973.575013929425,177.2,5.66,293.304588180959,-4.911196538988671,-26.077292247302385,6.94197339092133,9.372137203310116,-0.7800000000000002,4.268945986315886
2023-04-01,79.54000091552734,52303.32240531212,178.1,4.7,306.44226780862,-0.2883236018777713,-27.254432431361263,0.6344520100730389,11.24939292088747,-0.96,7.577471887670861
2023-05-01,72.66000366210938,52207.318224627445,179.1,4.31,306.44226780862,-8.649732429252332,-33.546729380189475,-0.183552738659154,11.045191613439487,-0.39000000000000057,7.577471887670861
2023-06-01,74.9000015258789,50693.706192182115,181.0,4.87,306.44226780862,3.0828485423510132,-34.761777616401936,-2.8992334483316173,10.773208257526612,0.5600000000000005,7.577471887670861
2023-07-01,85.55999755859375,52109.65430589614,186.3,7.44,294.920874066756,14.232304159608965,-22.22525597932372,2.793143804373077,15.542533625017851,2.5700000000000003,2.3537182422255
2023-08-01,86.86000061035156,51534.40395238352,186.2,6.83,294.920874066756,1.5194051996875402,-9.980306214758327,-1.1039227973683285,17.445852585758903,-0.6100000000000003,2.3537182422255
2023-09-01,95.30999755859375,49431.44579107273,184.1,5.02,294.920874066756,9.728294829455898,8.35606929356889,-4.080687851272858,13.506963126636995,-1.8100000000000005,2.3537182422255
2023-10-01,,,185.3,4.87,101.477290818545,0.0,0.5061644187186687,0.0,14.281684219157942,-0.14999999999999947,-65.35037549536995
2023-11-01,82.83000183105469,54603.37512066567,186.3,5.55,101.477290818545,-13.09410979668395,-3.0434255704475,10.462832407234558,19.15975866708175,0.6799999999999997,-65.35037549536995
2023-12-01,77.04000091552734,54572.561737156066,185.7,5.69,101.477290818545,-6.990221885225834,-10.324761225093681,-0.05643128001063813,12.73806929260235,0.14000000000000057,-65.35037549536995
2024-01-01,81.70999908447266,54734.044278948146,185.5,5.1,294.181749471641,6.061783636355167,-4.888842275173976,0.2959042724984151,13.0716660563714,-0.5900000000000007,0.2990615646765171
2024-02-01,83.62000274658203,54531.80613518747,185.8,5.09,294.181749471641,2.337539693440438,-0.32184604247323945,-0.36949241815565914,12.205846126712183,-0.009999999999999787,0.2990615646765171
2024-03-01,87.4800033569336,59451.7539751686,185.8,4.85,294.181749471641,4.616121123613981,9.665296525416544,9.022161906363957,14.388425193446764,-0.2400000000000002,0.2990615646765171
2024-04-01,87.86000061035156,61478.60928103753,186.7,4.83,307.270150457368,0.4343818459488613,10.460145334496772,3.409243916866589,17.542455151555593,-0.019999999999999574,0.27015941849934944
2024-05-01,81.62000274658203,62226.51944432342,187.7,4.8,307.270150457368,-7.102205577533704,12.331404669533619,1.2165372184445022,19.19118154391175,-0.03000000000000025,0.27015941849934944
2024-06-01,86.41000366210938,62452.39097411362,190.2,5.08,307.270150457368,5.868660566454009,15.36715874732475,0.3629827472389824,23.19555160822886,0.28000000000000025,0.27015941849934944
2024-07-01,80.72000122070312,65327.963480067614,193.0,3.6,303.617090678304,-6.58488855486683,-5.656844876107048,4.604423403334401,25.366334415839397,-1.48,2.94866093797741
2024-08-01,78.80000305175781,67265.02456197975,193.0,3.65,303.617090678304,-2.3785903616325377,-9.279297147084286,2.96513312021911,30.52450286245849,0.04999999999999982,2.94866093797741
2024-09-01,,,194.2,5.49,303.617090678304,0.0,-17.32241625196358,0.0,36.07739665613372,1.8400000000000003,2.94866093797741
2024-10-01,73.16000366210938,74030.69381753069,196.8,6.21,107.254139995757,-7.157359354344117,-23.239948026299363,10.058227585001278,49.76437090355257,0.7199999999999998,5.692750693888526
2024-11-01,72.94000244140625,72236.60638067308,196.5,5.48,107.254139995757,-0.3007124243995407,-11.940117313797371,-2.42343728572858,32.29329912489931,-0.7299999999999995,5.692750693888526
2024-12-01,,,195.4,5.22,107.254139995757,0.0,-5.3219086518660035,0.0,32.36799607941134,-0.2600000000000007,5.692750693888526
2025-01-01,76.76000213623047,78349.66424923648,193.4,4.26,101.252339062322,5.237180651169959,-6.058006368504332,8.462548526087655,43.14612647648146,-0.96,-65.58170612413103
2025-02-01,73.18000030517578,79646.80261508648,192.5,3.61,101.252339062322,-4.663889697007884,-12.485053932664435,1.6555761639561073,46.05568430584801,-0.6499999999999999,-65.58170612413103
2025-03-01,74.73999786376953,85881.26022593369,192.0,3.34,101.252339062322,2.13172663581338,-14.56333448134728,7.8276307474347995,44.4553852217783,-0.27,-65.58170612413103
2025-04-01,63.119998931884766,90500.97304202386,192.6,3.16,99.341622015369,-15.547229413981023,-28.158435586844234,5.379186104089273,47.20725484910733,-0.17999999999999972,-67.6696152009884
2025-05-01,63.900001525878906,90424.69986327058,193.0,2.82,99.341622015369,1.235745575401337,-21.710365871612492,-0.08427884937531882,45.31537465176277,-0.3400000000000003,-67.6696152009884
2025-06-01,,,194.2,2.1,99.341622015369,0.0,-26.050227036503482,0.0,44.78981261222075,-0.7199999999999998,-67.6696152009884
2025-07-01,72.52999877929688,92871.19797187892,196.1,1.61,111.312021896969,13.505472687544295,-10.146187212030998,2.7055639800935394,42.16147729787274,-0.49,-63.338024994479284
2025-08-01,68.12000274658203,98466.70998494845,197.0,2.07,111.312021896969,-6.080237290688673,-13.553299354773996,6.025024049720806,46.38619494477201,0.45999999999999974,-63.338024994479284
2025-09-01,67.0199966430664,109536.38513087615,197.0,1.44,111.312021896969,-1.6148063111621314,-14.949246132584538,11.242048350777445,62.8430017593266,-0.6299999999999999,-63.338024994479284
2025-10-01,65.06999969482422,113479.37024901892,197.3,0.25,121.433400107354,-2.909574822313765,-11.057960035990389,3.5997035263046318,53.286919785893815,-1.19,13.220245029383415
2025-11-01,63.20000076293945,121169.25072940225,197.9,0.71,121.433400107354,-2.8738265570231847,-13.353443038737323,6.7764567810948195,67.73940083904759,0.45999999999999996,13.220245029383415
2025-12-01,60.849998474121094,124843.4490489148,198.0,1.33,121.433400107354,-3.718358007040412,-16.57527222733126,3.032286077032742,72.82573933638817,0.6200000000000001,13.220245029383415
2026-01-01,70.69000244140625,139869.14648579605,,,123.858029045083,16.17091900416401,-7.907763843012194,12.035631465928208,78.51913958541192,,22.326091616359545
2026-02-01,,,,,123.858029045083,0.0,-3.40256607459104,0.0,75.61175325737737,,22.326091616359545
2026-03-01,,,,,123.858029045083,0.0,-5.4187791518877315,0.0,62.86340712494525,,22.326091616359545
2026-04-01,114.01000213623047,141278.71226510554,,,123.858029045083,61.28164973644108,80.62421429896264,1.0077746341668137,56.10739588347098,,24.678887391149207
2026-05-01,92.05000305175781,140289.3876580927,,,123.858029045083,-19.261467128324995,44.05320947367806,-0.700264456796873,55.14498568446622,,24.678887391149207
2026-06-01,72.91999816894531,123076.72994052393,,,123.858029045083,-20.78218821139647,14.115800356301067,-12.269394003998869,36.10963611339142,,24.678887391149207
2026-07-01,90.12000274658203,126345.190545109,,,123.858029045083,23.587500013078365,24.25203951927555,2.6556284085257564,36.04345944085472,,11.271026196727107
2026-08-01,90.48999786376953,137427.34552956995,,,123.858029045083,0.41055826221836345,32.8390989654062,8.771331094319956,39.5673172695391,,11.271026196727107
2026-09-01,108.75,133720.46756083163,,,123.858029045083,20.179028143773927,62.265003651340535,-2.6973365122159865,22.078583660634663,,11.271026196727107
